Collection,Flybase_ID,FlyBase link,Gene
CPTI000031,FBgn0259984,http://flybase.org/reports/FBgn0259984,kuz
CPTI000033,FBgn0259244,http://flybase.org/reports/FBgn0259244,CG42342
CPTI000037,FBgn0003676,http://flybase.org/reports/FBgn0003676,CCT1
CPTI000038,FBgn0015222,http://flybase.org/reports/FBgn0015222,Fer1HCH
CPTI000077,FBgn0041210,http://flybase.org/reports/FBgn0041210,HDAC4
CPTI000091,FBgn0000721,http://flybase.org/reports/FBgn0000721,for
CPTI000155,FBgn0015229,http://flybase.org/reports/FBgn0015229,glec
CPTI000161,FBgn0041789,http://flybase.org/reports/FBgn0041789,Pax
CPTI000190,FBgn0283521,http://flybase.org/reports/FBgn0283521,lola
CPTI000194,FBgn0266579,http://flybase.org/reports/FBgn0266579,tau
CPTI000199,FBgn0022213,http://flybase.org/reports/FBgn0022213,Cse1
CPTI000207,FBgn0001624,http://flybase.org/reports/FBgn0001624,dlg1
CPTI000239,FBgn0263396,http://flybase.org/reports/FBgn0263396,sqd
CPTI000252,FBgn0004839,http://flybase.org/reports/FBgn0004839,otk
CPTI000263,FBgn0003459,http://flybase.org/reports/FBgn0003459,stwl
CPTI000298,FBgn0027529,http://flybase.org/reports/FBgn0027529,tapas
CPTI000303,FBgn0001124,http://flybase.org/reports/FBgn0001124,Got1
CPTI000318,FBgn0036165,http://flybase.org/reports/FBgn0036165,chrb
CPTI000326,FBgn0028343,http://flybase.org/reports/FBgn0028343,Ankle2
CPTI000332,FBgn0015513,http://flybase.org/reports/FBgn0015513,mbc
CPTI000337,FBgn0021764,http://flybase.org/reports/FBgn0021764,sdk
CPTI000365,FBgn0026533,http://flybase.org/reports/FBgn0026533,Dek
CPTI000371,FBgn0011725,http://flybase.org/reports/FBgn0011725,twin
CPTI000379,FBgn0032298,http://flybase.org/reports/FBgn0032298,CG6724
CPTI000433,FBgn0004647,http://flybase.org/reports/FBgn0004647,N
CPTI000472,FBgn0036449,http://flybase.org/reports/FBgn0036449,bmm
CPTI000560,FBgn0033166,http://flybase.org/reports/FBgn0033166,Eaf
CPTI000567,FBgn0262733,http://flybase.org/reports/FBgn0262733,Src64B
CPTI000590,FBgn0259212,http://flybase.org/reports/FBgn0259212,cno
CPTI000609,FBgn0020443,http://flybase.org/reports/FBgn0020443,eRF3
CPTI000616,FBgn0000547,http://flybase.org/reports/FBgn0000547,ed
CPTI000633,FBgn0028327,http://flybase.org/reports/FBgn0028327,l(1)G0320
CPTI000640,FBgn0261278,http://flybase.org/reports/FBgn0261278,grp
CPTI000658,FBgn0000017,http://flybase.org/reports/FBgn0000017,Abl
CPTI000688,FBgn0286818,http://flybase.org/reports/FBgn0286818,Pdi
CPTI000727,FBgn0261617,http://flybase.org/reports/FBgn0261617,nej
CPTI000736,FBgn0261722,http://flybase.org/reports/FBgn0261722,fwe
CPTI000739,FBgn0085451,http://flybase.org/reports/FBgn0085451,htk
CPTI000748,FBgn0015774,http://flybase.org/reports/FBgn0015774,NetB
CPTI000765,FBgn0037073,http://flybase.org/reports/FBgn0037073,Tsr1
CPTI000774,FBgn0031645,http://flybase.org/reports/FBgn0031645,CG3036
CPTI000794,FBgn0036454,http://flybase.org/reports/FBgn0036454,CG17839
CPTI000836,FBgn0035397,http://flybase.org/reports/FBgn0035397,CG11486
CPTI000850,FBgn0003041,http://flybase.org/reports/FBgn0003041,pbl
CPTI000877,FBgn0010217,http://flybase.org/reports/FBgn0010217,ATPsynbeta
CPTI000915,FBgn0020653,http://flybase.org/reports/FBgn0020653,Trxr-1
CPTI000925,FBgn0015776,http://flybase.org/reports/FBgn0015776,nrv1
CPTI001015,FBgn0267376,http://flybase.org/reports/FBgn0267376,SelR
CPTI001039,FBgn0263930,http://flybase.org/reports/FBgn0263930,dally
CPTI001046,FBgn0053087,http://flybase.org/reports/FBgn0053087,LRP1
CPTI001056,FBgn0263997,http://flybase.org/reports/FBgn0263997,CG43740
CPTI001081,FBgn0052626,http://flybase.org/reports/FBgn0052626,AMPdeam
CPTI001175,FBgn0004449,http://flybase.org/reports/FBgn0004449,Ten-m
CPTI001180,FBgn0037007,http://flybase.org/reports/FBgn0037007,CG5059
CPTI001194,FBgn0005777,http://flybase.org/reports/FBgn0005777,PpD3
CPTI001198,FBgn0000117,http://flybase.org/reports/FBgn0000117,arm
CPTI001259,FBgn0265140,http://flybase.org/reports/FBgn0265140,Meltrin
CPTI001261,FBgn0261552,http://flybase.org/reports/FBgn0261552,ps
CPTI001279,FBgn0000635,http://flybase.org/reports/FBgn0000635,Fas2
CPTI001308,FBgn0052479,http://flybase.org/reports/FBgn0052479,Usp10
CPTI001309,FBgn0011592,http://flybase.org/reports/FBgn0011592,fra
CPTI001328,FBgn0265523,http://flybase.org/reports/FBgn0265523,Smr
CPTI001409,FBgn0000392,http://flybase.org/reports/FBgn0000392,cup
CPTI001414,FBgn0028622,http://flybase.org/reports/FBgn0028622,qsm
CPTI001427,FBgn0264078,http://flybase.org/reports/FBgn0264078,Flo2
CPTI001430,FBgn0040207,http://flybase.org/reports/FBgn0040207,kat80
CPTI001455,FBgn0015777,http://flybase.org/reports/FBgn0015777,nrv2
CPTI001457,FBgn0010905,http://flybase.org/reports/FBgn0010905,Spn
CPTI001473,FBgn0041605,http://flybase.org/reports/FBgn0041605,cpx
CPTI001580,FBgn0022382,http://flybase.org/reports/FBgn0022382,Pka-R2
CPTI001586,FBgn0259735,http://flybase.org/reports/FBgn0259735,CG42389
CPTI001589,FBgn0263391,http://flybase.org/reports/FBgn0263391,hts
CPTI001595,FBgn0016977,http://flybase.org/reports/FBgn0016977,spen
CPTI001658,FBgn0010316,http://flybase.org/reports/FBgn0010316,dap
CPTI001678,FBgn0004456,http://flybase.org/reports/FBgn0004456,mew
CPTI001685,FBgn0026721,http://flybase.org/reports/FBgn0026721,fat-spondin
CPTI001709,FBgn0001098,http://flybase.org/reports/FBgn0001098,Gdh
CPTI001714,FBgn0264975,http://flybase.org/reports/FBgn0264975,Nrg
CPTI001728,FBgn0004167,http://flybase.org/reports/FBgn0004167,kst
CPTI001735,FBgn0262743,http://flybase.org/reports/FBgn0262743,Fs(2)Ket
CPTI001740,FBgn0029939,http://flybase.org/reports/FBgn0029939,CG9650
CPTI001769,FBgn0053196,http://flybase.org/reports/FBgn0053196,dpy
CPTI001771,FBgn0051694,http://flybase.org/reports/FBgn0051694,CG31694
CPTI001775,FBgn0032949,http://flybase.org/reports/FBgn0032949,Lamp1
CPTI001828,FBgn0034075,http://flybase.org/reports/FBgn0034075,Asph
CPTI001879,FBgn0023215,http://flybase.org/reports/FBgn0023215,Mnt
CPTI001880,FBgn0014007,http://flybase.org/reports/FBgn0014007,Ptp69D
CPTI001918,FBgn0001145,http://flybase.org/reports/FBgn0001145,Gs2
CPTI001962,FBgn0013733,http://flybase.org/reports/FBgn0013733,shot
CPTI001977,FBgn0013997,http://flybase.org/reports/FBgn0013997,Nrx-IV
CPTI001993,FBgn0031632,http://flybase.org/reports/FBgn0031632,CG15628
CPTI001995,FBgn0259214,http://flybase.org/reports/FBgn0259214,PMCA
CPTI001997,FBgn0024989,http://flybase.org/reports/FBgn0024989,CG3777
CPTI002049,FBgn0284408,http://flybase.org/reports/FBgn0284408,trol
CPTI002085,FBgn0261988,http://flybase.org/reports/FBgn0261988,Gprk2
CPTI002102,FBgn0002772,http://flybase.org/reports/FBgn0002772,Mlc1
CPTI002103,FBgn0022986,http://flybase.org/reports/FBgn0022986,qkr58E-1
CPTI002152,FBgn0015773,http://flybase.org/reports/FBgn0015773,NetA
CPTI002187,FBgn0020660,http://flybase.org/reports/FBgn0020660,eIF4B
CPTI002201,FBgn0026418,http://flybase.org/reports/FBgn0026418,Hsc70Cb
CPTI002285,FBgn0022960,http://flybase.org/reports/FBgn0022960,vimar
CPTI002305,FBgn0031307,http://flybase.org/reports/FBgn0031307,MFS3
CPTI002315,FBgn0262559,http://flybase.org/reports/FBgn0262559,Mdh2
CPTI002324,FBgn0027598,http://flybase.org/reports/FBgn0027598,cindr
CPTI002342,FBgn0010215,http://flybase.org/reports/FBgn0010215,alpha-Cat
CPTI002406,FBgn0011224,http://flybase.org/reports/FBgn0011224,heph
CPTI002408,FBgn0010238,http://flybase.org/reports/FBgn0010238,Lac
CPTI002437,FBgn0263594,http://flybase.org/reports/FBgn0263594,lost
CPTI002443,FBgn0039274,http://flybase.org/reports/FBgn0039274,CG11920
CPTI002487,FBgn0003716,http://flybase.org/reports/FBgn0003716,tkv
CPTI002562,FBgn0026250,http://flybase.org/reports/FBgn0026250,eIF1A
CPTI002578,FBgn0010415,http://flybase.org/reports/FBgn0010415,Sdc
CPTI002636,FBgn0037110,http://flybase.org/reports/FBgn0037110,ORMDL
CPTI002645,FBgn0005671,http://flybase.org/reports/FBgn0005671,Vha55
CPTI002646,FBgn0039882,http://flybase.org/reports/FBgn0039882,CG11576
CPTI002750,FBgn0028341,http://flybase.org/reports/FBgn0028341,Ptpmeg2
CPTI002761,FBgn0002921,http://flybase.org/reports/FBgn0002921,Atpalpha
CPTI002772,FBgn0039348,http://flybase.org/reports/FBgn0039348,Npl4
CPTI002786,FBgn0000261,http://flybase.org/reports/FBgn0000261,Cat
CPTI002793,FBgn0030478,http://flybase.org/reports/FBgn0030478,CG1640
CPTI002796,FBgn0052423,http://flybase.org/reports/FBgn0052423,shep
CPTI002805,FBgn0001987,http://flybase.org/reports/FBgn0001987,Gli
CPTI002807,FBgn0030521,http://flybase.org/reports/FBgn0030521,CtsB1
CPTI002818,FBgn0036239,http://flybase.org/reports/FBgn0036239,Pop2
CPTI002828,FBgn0003435,http://flybase.org/reports/FBgn0003435,sm
CPTI002853,FBgn0003165,http://flybase.org/reports/FBgn0003165,pum
CPTI002889,FBgn0082582,http://flybase.org/reports/FBgn0082582,tmod
CPTI002905,FBgn0063485,http://flybase.org/reports/FBgn0063485,Lasp
CPTI002907,FBgn0265434,http://flybase.org/reports/FBgn0265434,zip
CPTI002927,FBgn0004924,http://flybase.org/reports/FBgn0004924,Top1
CPTI002939,FBgn0031883,http://flybase.org/reports/FBgn0031883,Caper
CPTI003020,FBgn0034282,http://flybase.org/reports/FBgn0034282,Mapmodulin
CPTI003049,FBgn0036816,http://flybase.org/reports/FBgn0036816,Indy
CPTI003089,FBgn0261885,http://flybase.org/reports/FBgn0261885,osa
CPTI003091,FBgn0004227,http://flybase.org/reports/FBgn0004227,nonA
CPTI003100,FBgn0052062,http://flybase.org/reports/FBgn0052062,Rbfox1
CPTI003151,FBgn0023509,http://flybase.org/reports/FBgn0023509,mip130
CPTI003231,FBgn0035533,http://flybase.org/reports/FBgn0035533,Cip4
CPTI003250,FBgn0261090,http://flybase.org/reports/FBgn0261090,Sytbeta
CPTI003323,FBgn0266098,http://flybase.org/reports/FBgn0266098,rg
CPTI003339,FBgn0002645,http://flybase.org/reports/FBgn0002645,Map205
CPTI003394,FBgn0024238,http://flybase.org/reports/FBgn0024238,Fim
CPTI003426,FBgn0027087,http://flybase.org/reports/FBgn0027087,HisRS
CPTI003472,FBgn0261836,http://flybase.org/reports/FBgn0261836,Msp300
CPTI003490,FBgn0016797,http://flybase.org/reports/FBgn0016797,fz2
CPTI003501,FBgn0026259,http://flybase.org/reports/FBgn0026259,eIF5B
CPTI003522,FBgn0000183,http://flybase.org/reports/FBgn0000183,BicD
CPTI003532,FBgn0016685,http://flybase.org/reports/FBgn0016685,Nlp
CPTI003576,FBgn0266557,http://flybase.org/reports/FBgn0266557,kis
CPTI003583,FBgn0035357,http://flybase.org/reports/FBgn0035357,MEP-1
CPTI003588,FBgn0004872,http://flybase.org/reports/FBgn0004872,piwi
CPTI003598,FBgn0261238,http://flybase.org/reports/FBgn0261238,Alh
CPTI003605,FBgn0261618,http://flybase.org/reports/FBgn0261618,larp
CPTI003669,FBgn0001215,http://flybase.org/reports/FBgn0001215,Hrb98DE
CPTI003684,FBgn0004177,http://flybase.org/reports/FBgn0004177,mts
CPTI003732,FBgn0263037,http://flybase.org/reports/FBgn0263037,CG43332
CPTI003733,FBgn0000053,http://flybase.org/reports/FBgn0000053,ade3
CPTI003745,FBgn0001235,http://flybase.org/reports/FBgn0001235,hth
CPTI003785,FBgn0011817,http://flybase.org/reports/FBgn0011817,nmo
CPTI003806,FBgn0030870,http://flybase.org/reports/FBgn0030870,CG6398
CPTI003818,FBgn0260003,http://flybase.org/reports/FBgn0260003,Dys
CPTI003897,FBgn0011828,http://flybase.org/reports/FBgn0011828,Pxn
CPTI003911,FBgn0037010,http://flybase.org/reports/FBgn0037010,CG4825
CPTI003917,FBgn0051363,http://flybase.org/reports/FBgn0051363,Jupiter
CPTI003923,FBgn0259143,http://flybase.org/reports/FBgn0259143,CG42258
CPTI003957,FBgn0036213,http://flybase.org/reports/FBgn0036213,RpL10Ab
CPTI003971,FBgn0016059,http://flybase.org/reports/FBgn0016059,Sema1b
CPTI004071,FBgn0036337,http://flybase.org/reports/FBgn0036337,AdenoK
CPTI004117,FBgn0285926,http://flybase.org/reports/FBgn0285926,Imp
CPTI004152,FBgn0001250,http://flybase.org/reports/FBgn0001250,if
CPTI004179,FBgn0003261,http://flybase.org/reports/FBgn0003261,Rm62
CPTI004189,FBgn0262614,http://flybase.org/reports/FBgn0262614,pyd
CPTI004394,FBgn0285937,http://flybase.org/reports/FBgn0285937,Rab1
CPTI004479,FBgn0264442,http://flybase.org/reports/FBgn0264442,ab
CPTI004519,FBgn0011206,http://flybase.org/reports/FBgn0011206,bol
CPTI100012,FBgn0033446,http://flybase.org/reports/FBgn0033446,CG1648
CPTI100013,FBgn0031294,http://flybase.org/reports/FBgn0031294,IA-2
CPTI100035,FBgn0023407,http://flybase.org/reports/FBgn0023407,B4
CPTI100043,FBgn0023167,http://flybase.org/reports/FBgn0023167,SmD3
CPTI100044,FBgn0031990,http://flybase.org/reports/FBgn0031990,PAPLA1
CPTI100045,FBgn0020238,http://flybase.org/reports/FBgn0020238,14-3-3epsilon
CPTI100062,FBgn0261822,http://flybase.org/reports/FBgn0261822,Bsg
CPTI100064,FBgn0015221,http://flybase.org/reports/FBgn0015221,Fer2LCH
CPTI000760,FBgn0003721,http://flybase.org/reports/FBgn0003721,Tm1
CPTI000876,FBgn0000097,http://flybase.org/reports/FBgn0000097,aop
CPTI000944,FBgn0264607,http://flybase.org/reports/FBgn0264607,CaMKII
CPTI001234,FBgn0266521,http://flybase.org/reports/FBgn0266521,stai
CPTI001284,FBgn0000253,http://flybase.org/reports/FBgn0000253,Cam
CPTI001659,FBgn0030400,http://flybase.org/reports/FBgn0030400,CG11138
CPTI001693,FBgn0004868,http://flybase.org/reports/FBgn0004868,Gdi
CPTI001718,FBgn0045823,http://flybase.org/reports/FBgn0045823,vsg
CPTI002023,FBgn0250823,http://flybase.org/reports/FBgn0250823,gish
CPTI002264,FBgn0000711,http://flybase.org/reports/FBgn0000711,flw
CPTI002789,FBgn0027356,http://flybase.org/reports/FBgn0027356,Amph
CPTI004292,FBgn0052685,http://flybase.org/reports/FBgn0052685,ZAP3
CPTI004362,FBgn0264307,http://flybase.org/reports/FBgn0264307,orb2
CPTI100051,FBgn0015790,http://flybase.org/reports/FBgn0015790,Rab11
CPTI000016,FBgn0261260,http://flybase.org/reports/FBgn0261260,mgl
CPTI000020,FBgn0262519,http://flybase.org/reports/FBgn0262519,Mi-2
CPTI000023,FBgn0003371,http://flybase.org/reports/FBgn0003371,sgg
CPTI000030,FBgn0011224,http://flybase.org/reports/FBgn0011224,heph
CPTI000049,FBgn0039581,http://flybase.org/reports/FBgn0039581,Moca-cyp
CPTI000056,FBgn0017581,http://flybase.org/reports/FBgn0017581,Lk6
CPTI000076,FBgn0037249,http://flybase.org/reports/FBgn0037249,eIF3a
CPTI000106,FBgn0262519,http://flybase.org/reports/FBgn0262519,Mi-2
CPTI000113,FBgn0037963,http://flybase.org/reports/FBgn0037963,Cad87A
CPTI000147,FBgn0000097,http://flybase.org/reports/FBgn0000097,aop
CPTI000165,FBgn0001215,http://flybase.org/reports/FBgn0001215,Hrb98DE
CPTI000168,FBgn0015774,http://flybase.org/reports/FBgn0015774,NetB
CPTI000176,FBgn0261258,http://flybase.org/reports/FBgn0261258,rgn
CPTI000196,,,
CPTI000205,FBgn0001215,http://flybase.org/reports/FBgn0001215,Hrb98DE
CPTI000216,FBgn0017581,http://flybase.org/reports/FBgn0017581,Lk6
CPTI000218,FBgn0265140,http://flybase.org/reports/FBgn0265140,Meltrin
CPTI000232,FBgn0262519,http://flybase.org/reports/FBgn0262519,Mi-2
CPTI000245,FBgn0015229,http://flybase.org/reports/FBgn0015229,glec
CPTI000256,FBgn0027951,http://flybase.org/reports/FBgn0027951,MTA1-like
CPTI000274,FBgn0020412,http://flybase.org/reports/FBgn0020412,JIL-1
CPTI000286,FBgn0032409,http://flybase.org/reports/FBgn0032409,Ced-12
CPTI000328,,,
CPTI000330,FBgn0052683,http://flybase.org/reports/FBgn0052683,CG32683
CPTI000335,FBgn0045800,http://flybase.org/reports/FBgn0045800,Uhg1
CPTI000340,FBgn0053158,http://flybase.org/reports/FBgn0053158,CG33158
CPTI000342,FBgn0032488,http://flybase.org/reports/FBgn0032488,CG16812
CPTI000349,FBgn0000017,http://flybase.org/reports/FBgn0000017,Abl
CPTI000378,FBgn0001235,http://flybase.org/reports/FBgn0001235,hth
CPTI000401,FBgn0262733,http://flybase.org/reports/FBgn0262733,Src64B
CPTI000408,FBgn0265991,http://flybase.org/reports/FBgn0265991,Zasp52
CPTI000426,FBgn0026533,http://flybase.org/reports/FBgn0026533,Dek
CPTI000442,FBgn0035896,http://flybase.org/reports/FBgn0035896,CG6983
CPTI000445,FBgn0041604,http://flybase.org/reports/FBgn0041604,dlp
CPTI000448,FBgn0026533,http://flybase.org/reports/FBgn0026533,Dek
CPTI000453,FBgn0266452,http://flybase.org/reports/FBgn0266452,CTPsyn
CPTI000483,FBgn0000635,http://flybase.org/reports/FBgn0000635,Fas2
CPTI000488,FBgn0036449,http://flybase.org/reports/FBgn0036449,bmm
CPTI000493,FBgn0010408,http://flybase.org/reports/FBgn0010408,RpS9
CPTI000505,FBgn0011259,http://flybase.org/reports/FBgn0011259,Sema1a
CPTI000601,FBgn0003944,http://flybase.org/reports/FBgn0003944,Ubx
CPTI000635,FBgn0036389,http://flybase.org/reports/FBgn0036389,ssp2
CPTI000655,FBgn0000547,http://flybase.org/reports/FBgn0000547,ed
CPTI000657,FBgn0035397,http://flybase.org/reports/FBgn0035397,CG11486
CPTI000668,FBgn0261552,http://flybase.org/reports/FBgn0261552,ps
CPTI000694,FBgn0003944,http://flybase.org/reports/FBgn0003944,Ubx
CPTI000703,FBgn0038610,http://flybase.org/reports/FBgn0038610,CG7675
CPTI000720,FBgn0014007,http://flybase.org/reports/FBgn0014007,Ptp69D
CPTI000737,FBgn0036556,http://flybase.org/reports/FBgn0036556,CG5830
CPTI000743,FBgn0087035,http://flybase.org/reports/FBgn0087035,AGO2
CPTI000745,FBgn0036454,http://flybase.org/reports/FBgn0036454,CG17839
CPTI000762,FBgn0085430,http://flybase.org/reports/FBgn0085430,CG34401
CPTI000763,FBgn0030038,http://flybase.org/reports/FBgn0030038,CG1440
CPTI000764,FBgn0040207,http://flybase.org/reports/FBgn0040207,kat80
CPTI000783,FBgn0014037,http://flybase.org/reports/FBgn0014037,Su(Tpl)
CPTI000785,FBgn0010408,http://flybase.org/reports/FBgn0010408,RpS9
CPTI000787,FBgn0041775,http://flybase.org/reports/FBgn0041775,tral
CPTI000798,FBgn0011260,http://flybase.org/reports/FBgn0011260,Sema2a
CPTI000808,FBgn0050423,http://flybase.org/reports/FBgn0050423,CG30423
CPTI000833,FBgn0000636,http://flybase.org/reports/FBgn0000636,Fas3
CPTI000812,FBgn0021764,http://flybase.org/reports/FBgn0021764,sdk
CPTI000847,FBgn0014141,http://flybase.org/reports/FBgn0014141,cher
CPTI000854,FBgn0003371,http://flybase.org/reports/FBgn0003371,sgg
CPTI000883,FBgn0085451,http://flybase.org/reports/FBgn0085451,htk
CPTI000884,FBgn0000636,http://flybase.org/reports/FBgn0000636,Fas3
CPTI000886,FBgn0029939,http://flybase.org/reports/FBgn0029939,CG9650
CPTI000902,FBgn0265180,http://flybase.org/reports/FBgn0265180,CG44245
CPTI000905,FBgn0051352,http://flybase.org/reports/FBgn0051352,Unc-115a
CPTI000924,FBgn0000097,http://flybase.org/reports/FBgn0000097,aop
CPTI000936,FBgn0000662,http://flybase.org/reports/FBgn0000662,fl(2)d
CPTI000941,FBgn0000097,http://flybase.org/reports/FBgn0000097,aop
CPTI000943,FBgn0261260,http://flybase.org/reports/FBgn0261260,mgl
CPTI000977,FBgn0004516,http://flybase.org/reports/FBgn0004516,Gad1
CPTI001018,FBgn0014037,http://flybase.org/reports/FBgn0014037,Su(Tpl)
CPTI001025,FBgn0011725,http://flybase.org/reports/FBgn0011725,twin
CPTI001029,FBgn0014037,http://flybase.org/reports/FBgn0014037,Su(Tpl)
CPTI001036,FBgn0020386,http://flybase.org/reports/FBgn0020386,Pdk1
CPTI001044,FBgn0013756,http://flybase.org/reports/FBgn0013756,Mtor
CPTI001053,FBgn0263997,http://flybase.org/reports/FBgn0263997,CG43740
CPTI001063,FBgn0261552,http://flybase.org/reports/FBgn0261552,ps
CPTI001064,FBgn0000662,http://flybase.org/reports/FBgn0000662,fl(2)d
CPTI001082,FBgn0015513,http://flybase.org/reports/FBgn0015513,mbc
CPTI001111,FBgn0031990,http://flybase.org/reports/FBgn0031990,PAPLA1
CPTI001117,FBgn0031850,http://flybase.org/reports/FBgn0031850,Tsp
CPTI001119,FBgn0262519,http://flybase.org/reports/FBgn0262519,Mi-2
CPTI001135,FBgn0015773,http://flybase.org/reports/FBgn0015773,NetA
CPTI001137,FBgn0261560,http://flybase.org/reports/FBgn0261560,Thor
CPTI001165,FBgn0020767,http://flybase.org/reports/FBgn0020767,Spred
CPTI001166,FBgn0034282,http://flybase.org/reports/FBgn0034282,Mapmodulin
CPTI001170,FBgn0003415,http://flybase.org/reports/FBgn0003415,skd
CPTI001174,FBgn0000547,http://flybase.org/reports/FBgn0000547,ed
CPTI001214,FBgn0004647,http://flybase.org/reports/FBgn0004647,N
CPTI001218,FBgn0041604,http://flybase.org/reports/FBgn0041604,dlp
CPTI001223,FBgn0260006,http://flybase.org/reports/FBgn0260006,drd
CPTI001224,FBgn0086613,http://flybase.org/reports/FBgn0086613,Ino80
CPTI001237,,,
CPTI001244,FBgn0003415,http://flybase.org/reports/FBgn0003415,skd
CPTI001253,FBgn0036556,http://flybase.org/reports/FBgn0036556,CG5830
CPTI001272,FBgn0005640,http://flybase.org/reports/FBgn0005640,Eip63E
CPTI001273,FBgn0004449,http://flybase.org/reports/FBgn0004449,Ten-m
CPTI001277,FBgn0031268,http://flybase.org/reports/FBgn0031268,cold
CPTI001282,FBgn0261260,http://flybase.org/reports/FBgn0261260,mgl
CPTI001288,FBgn0031990,http://flybase.org/reports/FBgn0031990,PAPLA1
CPTI001291,FBgn0053113,http://flybase.org/reports/FBgn0053113,Rtnl1
CPTI001301,FBgn0011259,http://flybase.org/reports/FBgn0011259,Sema1a
CPTI001303,FBgn0259984,http://flybase.org/reports/FBgn0259984,kuz
CPTI001306,FBgn0035397,http://flybase.org/reports/FBgn0035397,CG11486
CPTI001313,,,
CPTI001323,FBgn0260936,http://flybase.org/reports/FBgn0260936,scny
CPTI001324,FBgn0030753,http://flybase.org/reports/FBgn0030753,rngo
CPTI001330,FBgn0038421,http://flybase.org/reports/FBgn0038421,CG17931
CPTI001332,FBgn0051374,http://flybase.org/reports/FBgn0051374,sals
CPTI001334,FBgn0261260,http://flybase.org/reports/FBgn0261260,mgl
CPTI001336,FBgn0261260,http://flybase.org/reports/FBgn0261260,mgl
CPTI001339,FBgn0263930,http://flybase.org/reports/FBgn0263930,dally
CPTI001341,FBgn0261570,http://flybase.org/reports/FBgn0261570,CG42684
CPTI001356,FBgn0001235,http://flybase.org/reports/FBgn0001235,hth
CPTI001360,FBgn0000711,http://flybase.org/reports/FBgn0000711,flw
CPTI001380,FBgn0015772,http://flybase.org/reports/FBgn0015772,Nak
CPTI001383,FBgn0004656,http://flybase.org/reports/FBgn0004656,fs(1)h
CPTI001385,FBgn0265523,http://flybase.org/reports/FBgn0265523,Smr
CPTI001399,FBgn0014141,http://flybase.org/reports/FBgn0014141,cher
CPTI001403,FBgn0014141,http://flybase.org/reports/FBgn0014141,cher
CPTI001412,FBgn0042185,http://flybase.org/reports/FBgn0042185,MCU
CPTI001423,FBgn0034724,http://flybase.org/reports/FBgn0034724,babos
CPTI001431,FBgn0036299,http://flybase.org/reports/FBgn0036299,Tsf2
CPTI001450,FBgn0031990,http://flybase.org/reports/FBgn0031990,PAPLA1
CPTI001478,FBgn0262714,http://flybase.org/reports/FBgn0262714,Sap130
CPTI001481,FBgn0011260,http://flybase.org/reports/FBgn0011260,Sema2a
CPTI001488,FBgn0265190,http://flybase.org/reports/FBgn0265190,PIG-S
CPTI001495,FBgn0052479,http://flybase.org/reports/FBgn0052479,Usp10
CPTI001506,FBgn0011260,http://flybase.org/reports/FBgn0011260,Sema2a
CPTI001507,FBgn0036449,http://flybase.org/reports/FBgn0036449,bmm
CPTI001515,FBgn0263231,http://flybase.org/reports/FBgn0263231,bel
CPTI001516,FBgn0028991,http://flybase.org/reports/FBgn0028991,seq
CPTI001527,,,
CPTI001600,FBgn0004889,http://flybase.org/reports/FBgn0004889,tws
CPTI001616,FBgn0020412,http://flybase.org/reports/FBgn0020412,JIL-1
CPTI001636,FBgn0037153,http://flybase.org/reports/FBgn0037153,olf413
CPTI001654,FBgn0032897,http://flybase.org/reports/FBgn0032897,CG9336
CPTI001655,FBgn0030608,http://flybase.org/reports/FBgn0030608,Lsd-2
CPTI001660,FBgn0032488,http://flybase.org/reports/FBgn0032488,CG16812
CPTI001692,FBgn0021764,http://flybase.org/reports/FBgn0021764,sdk
CPTI001695,FBgn0027598,http://flybase.org/reports/FBgn0027598,cindr
CPTI001715,FBgn0032949,http://flybase.org/reports/FBgn0032949,Lamp1
CPTI001745,FBgn0003041,http://flybase.org/reports/FBgn0003041,pbl
CPTI001752,FBgn0260936,http://flybase.org/reports/FBgn0260936,scny
CPTI001762,FBgn0261822,http://flybase.org/reports/FBgn0261822,Bsg
CPTI001765,FBgn0033212,http://flybase.org/reports/FBgn0033212,LRR
CPTI001789,FBgn0000547,http://flybase.org/reports/FBgn0000547,ed
CPTI001791,FBgn0004456,http://flybase.org/reports/FBgn0004456,mew
CPTI001796,,,
CPTI001802,FBgn0035896,http://flybase.org/reports/FBgn0035896,CG6983
CPTI001872,FBgn0283521,http://flybase.org/reports/FBgn0283521,lola
CPTI001881,FBgn0266452,http://flybase.org/reports/FBgn0266452,CTPsyn
CPTI001883,FBgn0042185,http://flybase.org/reports/FBgn0042185,MCU
CPTI001902,FBgn0033359,http://flybase.org/reports/FBgn0033359,CG8213
CPTI001919,FBgn0032420,http://flybase.org/reports/FBgn0032420,CG6583
CPTI001951,,,
CPTI001971,FBgn0010217,http://flybase.org/reports/FBgn0010217,ATPsynbeta
CPTI001972,FBgn0015229,http://flybase.org/reports/FBgn0015229,glec
CPTI001990,FBgn0027951,http://flybase.org/reports/FBgn0027951,MTA1-like
CPTI001991,FBgn0265487,http://flybase.org/reports/FBgn0265487,mbl
CPTI001998,FBgn0020618,http://flybase.org/reports/FBgn0020618,Rack1
CPTI002010,FBgn0033359,http://flybase.org/reports/FBgn0033359,CG8213
CPTI002016,FBgn0263594,http://flybase.org/reports/FBgn0263594,lost
CPTI002032,FBgn0261722,http://flybase.org/reports/FBgn0261722,fwe
CPTI002035,FBgn0036305,http://flybase.org/reports/FBgn0036305,CG10984
CPTI002051,FBgn0261988,http://flybase.org/reports/FBgn0261988,Gprk2
CPTI002054,FBgn0086779,http://flybase.org/reports/FBgn0086779,step
CPTI002064,FBgn0039776,http://flybase.org/reports/FBgn0039776,PH4alphaEFB
CPTI002065,FBgn0038421,http://flybase.org/reports/FBgn0038421,CG17931
CPTI002092,FBgn0005411,http://flybase.org/reports/FBgn0005411,U2af50
CPTI002118,FBgn0032720,http://flybase.org/reports/FBgn0032720,mRpL13
CPTI002126,FBgn0003089,http://flybase.org/reports/FBgn0003089,pip
CPTI002129,FBgn0267791,http://flybase.org/reports/FBgn0267791,HnRNP-K
CPTI002135,FBgn0024183,http://flybase.org/reports/FBgn0024183,vig
CPTI002151,FBgn0050463,http://flybase.org/reports/FBgn0050463,CG30463
CPTI002164,FBgn0023167,http://flybase.org/reports/FBgn0023167,SmD3
CPTI002166,FBgn0039737,http://flybase.org/reports/FBgn0039737,CG7920
CPTI002181,FBgn0026144,http://flybase.org/reports/FBgn0026144,CBP
CPTI002197,FBgn0041775,http://flybase.org/reports/FBgn0041775,tral
CPTI002200,FBgn0053113,http://flybase.org/reports/FBgn0053113,Rtnl1
CPTI002202,FBgn0037913,http://flybase.org/reports/FBgn0037913,fabp
CPTI002203,FBgn0015222,http://flybase.org/reports/FBgn0015222,Fer1HCH
CPTI002206,FBgn0085370,http://flybase.org/reports/FBgn0085370,Pde11
CPTI002207,FBgn0020513,http://flybase.org/reports/FBgn0020513,ade5
CPTI002221,FBgn0035121,http://flybase.org/reports/FBgn0035121,Tudor-SN
CPTI002223,FBgn0004227,http://flybase.org/reports/FBgn0004227,nonA
CPTI002226,FBgn0022349,http://flybase.org/reports/FBgn0022349,CG1910
CPTI002230,FBgn0000064,http://flybase.org/reports/FBgn0000064,Ald
CPTI002237,FBgn0011726,http://flybase.org/reports/FBgn0011726,tsr
CPTI002243,FBgn0003721,http://flybase.org/reports/FBgn0003721,Tm1
CPTI002249,FBgn0004638,http://flybase.org/reports/FBgn0004638,drk
CPTI002251,FBgn0037807,http://flybase.org/reports/FBgn0037807,CG6293
CPTI002256,FBgn0260003,http://flybase.org/reports/FBgn0260003,Dys
CPTI002266,FBgn0004167,http://flybase.org/reports/FBgn0004167,kst
CPTI002267,FBgn0030038,http://flybase.org/reports/FBgn0030038,CG1440
CPTI002277,FBgn0041789,http://flybase.org/reports/FBgn0041789,Pax
CPTI002280,FBgn0262736,http://flybase.org/reports/FBgn0262736,Vha16-1
CPTI002287,FBgn0011824,http://flybase.org/reports/FBgn0011824,CG4038
CPTI002292,FBgn0029687,http://flybase.org/reports/FBgn0029687,Vap33
CPTI002343,FBgn0087035,http://flybase.org/reports/FBgn0087035,AGO2
CPTI002347,FBgn0004647,http://flybase.org/reports/FBgn0004647,N
CPTI002377,FBgn0031737,http://flybase.org/reports/FBgn0031737,obst-E
CPTI002393,FBgn0029687,http://flybase.org/reports/FBgn0029687,Vap33
CPTI002399,FBgn0266521,http://flybase.org/reports/FBgn0266521,stai
CPTI002401,FBgn0015222,http://flybase.org/reports/FBgn0015222,Fer1HCH
CPTI002498,FBgn0261618,http://flybase.org/reports/FBgn0261618,larp
CPTI002501,FBgn0052499,http://flybase.org/reports/FBgn0052499,Cda4
CPTI002507,FBgn0011725,http://flybase.org/reports/FBgn0011725,twin
CPTI002514,FBgn0265523,http://flybase.org/reports/FBgn0265523,Smr
CPTI002516,FBgn0010215,http://flybase.org/reports/FBgn0010215,alpha-Cat
CPTI002546,FBgn0030608,http://flybase.org/reports/FBgn0030608,Lsd-2
CPTI002560,FBgn0026533,http://flybase.org/reports/FBgn0026533,Dek
CPTI002565,FBgn0020621,http://flybase.org/reports/FBgn0020621,Pkn
CPTI002569,FBgn0001624,http://flybase.org/reports/FBgn0001624,dlg1
CPTI002576,FBgn0023213,http://flybase.org/reports/FBgn0023213,eIF4G1
CPTI002584,FBgn0011224,http://flybase.org/reports/FBgn0011224,heph
CPTI002596,FBgn0020653,http://flybase.org/reports/FBgn0020653,Trxr-1
CPTI002601,FBgn0010238,http://flybase.org/reports/FBgn0010238,Lac
CPTI002603,FBgn0003371,http://flybase.org/reports/FBgn0003371,sgg
CPTI002609,FBgn0262743,http://flybase.org/reports/FBgn0262743,Fs(2)Ket
CPTI002614,FBgn0261802,http://flybase.org/reports/FBgn0261802,CG42748
CPTI002615,FBgn0030400,http://flybase.org/reports/FBgn0030400,CG11138
CPTI002618,FBgn0034724,http://flybase.org/reports/FBgn0034724,babos
CPTI002620,FBgn0031645,http://flybase.org/reports/FBgn0031645,CG3036
CPTI002622,FBgn0000636,http://flybase.org/reports/FBgn0000636,Fas3
CPTI002629,FBgn0037632,http://flybase.org/reports/FBgn0037632,CCT7
CPTI002632,FBgn0051997,http://flybase.org/reports/FBgn0051997,CG31997
CPTI002633,,,
CPTI002649,FBgn0004868,http://flybase.org/reports/FBgn0004868,Gdi
CPTI002652,FBgn0265297,http://flybase.org/reports/FBgn0265297,pAbp
CPTI002653,FBgn0003435,http://flybase.org/reports/FBgn0003435,sm
CPTI002662,FBgn0286818,http://flybase.org/reports/FBgn0286818,Pdi
CPTI002670,FBgn0265180,http://flybase.org/reports/FBgn0265180,CG44245
CPTI002674,FBgn0022213,http://flybase.org/reports/FBgn0022213,Cse1
CPTI002686,FBgn0011824,http://flybase.org/reports/FBgn0011824,CG4038
CPTI002712,FBgn0003435,http://flybase.org/reports/FBgn0003435,sm
CPTI002716,FBgn0082582,http://flybase.org/reports/FBgn0082582,tmod
CPTI002728,FBgn0086254,http://flybase.org/reports/FBgn0086254,CG6084
CPTI002735,FBgn0010415,http://flybase.org/reports/FBgn0010415,Sdc
CPTI002740,FBgn0000575,http://flybase.org/reports/FBgn0000575,emc
CPTI002745,FBgn0266579,http://flybase.org/reports/FBgn0266579,tau
CPTI002755,FBgn0263231,http://flybase.org/reports/FBgn0263231,bel
CPTI002756,FBgn0026259,http://flybase.org/reports/FBgn0026259,eIF5B
CPTI002758,FBgn0267824,http://flybase.org/reports/FBgn0267824,PRAS40
CPTI002759,FBgn0002719,http://flybase.org/reports/FBgn0002719,Men
CPTI002760,FBgn0001994,http://flybase.org/reports/FBgn0001994,crp
CPTI002762,FBgn0039897,http://flybase.org/reports/FBgn0039897,CG1674
CPTI002768,FBgn0283657,http://flybase.org/reports/FBgn0283657,Tlk
CPTI002770,FBgn0022349,http://flybase.org/reports/FBgn0022349,CG1910
CPTI002773,FBgn0082582,http://flybase.org/reports/FBgn0082582,tmod
CPTI002774,FBgn0014163,http://flybase.org/reports/FBgn0014163,fax
CPTI002785,FBgn0031736,http://flybase.org/reports/FBgn0031736,CG11030
CPTI002804,FBgn0026418,http://flybase.org/reports/FBgn0026418,Hsc70Cb
CPTI002808,FBgn0001235,http://flybase.org/reports/FBgn0001235,hth
CPTI002811,FBgn0026144,http://flybase.org/reports/FBgn0026144,CBP
CPTI002817,,,
CPTI002822,FBgn0039696,http://flybase.org/reports/FBgn0039696,CG7837
CPTI002824,FBgn0086708,http://flybase.org/reports/FBgn0086708,stv
CPTI002830,FBgn0043884,http://flybase.org/reports/FBgn0043884,mask
CPTI002831,FBgn0036239,http://flybase.org/reports/FBgn0036239,Pop2
CPTI002832,FBgn0000575,http://flybase.org/reports/FBgn0000575,emc
CPTI002844,FBgn0278608,http://flybase.org/reports/FBgn0278608,Dsp1
CPTI002847,FBgn0266557,http://flybase.org/reports/FBgn0266557,kis
CPTI002852,FBgn0001235,http://flybase.org/reports/FBgn0001235,hth
CPTI002860,FBgn0001624,http://flybase.org/reports/FBgn0001624,dlg1
CPTI002870,FBgn0035473,http://flybase.org/reports/FBgn0035473,mge
CPTI002873,FBgn0038149,http://flybase.org/reports/FBgn0038149,GILT1
CPTI002876,FBgn0026144,http://flybase.org/reports/FBgn0026144,CBP
CPTI002881,FBgn0066084,http://flybase.org/reports/FBgn0066084,RpL41
CPTI002888,FBgn0000253,http://flybase.org/reports/FBgn0000253,Cam
CPTI002892,FBgn0035772,http://flybase.org/reports/FBgn0035772,Sh3beta
CPTI002894,FBgn0086357,http://flybase.org/reports/FBgn0086357,Sec61alpha
CPTI002910,FBgn0052066,http://flybase.org/reports/FBgn0052066,CG32066
CPTI002924,FBgn0260462,http://flybase.org/reports/FBgn0260462,CG12163
CPTI002984,FBgn0004924,http://flybase.org/reports/FBgn0004924,Top1
CPTI002986,FBgn0028968,http://flybase.org/reports/FBgn0028968,gammaCOP
CPTI003074,FBgn0037248,http://flybase.org/reports/FBgn0037248,srl
CPTI003080,FBgn0011837,http://flybase.org/reports/FBgn0011837,Tis11
CPTI003116,,,
CPTI003117,FBgn0030418,http://flybase.org/reports/FBgn0030418,CG4004
CPTI003122,FBgn0014163,http://flybase.org/reports/FBgn0014163,fax
CPTI003143,FBgn0263231,http://flybase.org/reports/FBgn0263231,bel
CPTI003146,FBgn0026252,http://flybase.org/reports/FBgn0026252,msk
CPTI003161,FBgn0021768,http://flybase.org/reports/FBgn0021768,nudC
CPTI003171,FBgn0016691,http://flybase.org/reports/FBgn0016691,ATPsynO
CPTI003173,FBgn0260462,http://flybase.org/reports/FBgn0260462,CG12163
CPTI003181,FBgn0050497,http://flybase.org/reports/FBgn0050497,CG30497
CPTI003213,FBgn0030529,http://flybase.org/reports/FBgn0030529,Clic
CPTI003230,FBgn0014163,http://flybase.org/reports/FBgn0014163,fax
CPTI003267,FBgn0261618,http://flybase.org/reports/FBgn0261618,larp
CPTI003322,FBgn0052499,http://flybase.org/reports/FBgn0052499,Cda4
CPTI003349,FBgn0030478,http://flybase.org/reports/FBgn0030478,CG1640
CPTI003386,FBgn0031057,http://flybase.org/reports/FBgn0031057,Ubqn
CPTI003391,FBgn0035121,http://flybase.org/reports/FBgn0035121,Tudor-SN
CPTI003395,FBgn0032940,http://flybase.org/reports/FBgn0032940,Mondo
CPTI003403,FBgn0011837,http://flybase.org/reports/FBgn0011837,Tis11
CPTI003407,FBgn0030521,http://flybase.org/reports/FBgn0030521,CtsB1
CPTI003412,FBgn0063485,http://flybase.org/reports/FBgn0063485,Lasp
CPTI003431,FBgn0035978,http://flybase.org/reports/FBgn0035978,UGP
CPTI003445,FBgn0263346,http://flybase.org/reports/FBgn0263346,CG43427
CPTI003467,,,
CPTI003476,,,
CPTI003498,FBgn0024238,http://flybase.org/reports/FBgn0024238,Fim
CPTI003504,FBgn0020389,http://flybase.org/reports/FBgn0020389,Papss
CPTI003505,FBgn0261802,http://flybase.org/reports/FBgn0261802,CG42748
CPTI003513,FBgn0036007,http://flybase.org/reports/FBgn0036007,path
CPTI003526,FBgn0036258,http://flybase.org/reports/FBgn0036258,eIF3l
CPTI003542,FBgn0029878,http://flybase.org/reports/FBgn0029878,Pat1
CPTI003549,,,
CPTI003555,FBgn0265487,http://flybase.org/reports/FBgn0265487,mbl
CPTI003558,FBgn0034282,http://flybase.org/reports/FBgn0034282,Mapmodulin
CPTI003593,FBgn0011710,http://flybase.org/reports/FBgn0011710,Septin1
CPTI003597,FBgn0000253,http://flybase.org/reports/FBgn0000253,Cam
CPTI003606,FBgn0261799,http://flybase.org/reports/FBgn0261799,dsx-c73A
CPTI003607,FBgn0030529,http://flybase.org/reports/FBgn0030529,Clic
CPTI003613,FBgn0020621,http://flybase.org/reports/FBgn0020621,Pkn
CPTI003614,FBgn0002921,http://flybase.org/reports/FBgn0002921,Atpalpha
CPTI003615,FBgn0266557,http://flybase.org/reports/FBgn0266557,kis
CPTI003621,FBgn0267911,http://flybase.org/reports/FBgn0267911,trol
CPTI003623,FBgn0030870,http://flybase.org/reports/FBgn0030870,CG6398
CPTI003640,FBgn0283657,http://flybase.org/reports/FBgn0283657,Tlk
CPTI003653,FBgn0013733,http://flybase.org/reports/FBgn0013733,shot
CPTI003660,FBgn0037057,http://flybase.org/reports/FBgn0037057,CG10512
CPTI003663,FBgn0037529,http://flybase.org/reports/FBgn0037529,mRpS9
CPTI003664,FBgn0263705,http://flybase.org/reports/FBgn0263705,Myo10A
CPTI003670,FBgn0003165,http://flybase.org/reports/FBgn0003165,pum
CPTI003674,FBgn0003513,http://flybase.org/reports/FBgn0003513,ss
CPTI003678,FBgn0039348,http://flybase.org/reports/FBgn0039348,Npl4
CPTI003680,FBgn0050463,http://flybase.org/reports/FBgn0050463,CG30463
CPTI003686,FBgn0263076,http://flybase.org/reports/FBgn0263076,Klp54D
CPTI003689,FBgn0033342,http://flybase.org/reports/FBgn0033342,
CPTI003706,FBgn0028341,http://flybase.org/reports/FBgn0028341,Ptpmeg2
CPTI003728,FBgn0030648,http://flybase.org/reports/FBgn0030648,CG6340
CPTI003738,FBgn0263705,http://flybase.org/reports/FBgn0263705,Myo10A
CPTI003751,FBgn0283472,http://flybase.org/reports/FBgn0283472,S6k
CPTI003765,FBgn0260463,http://flybase.org/reports/FBgn0260463,Unc-115b
CPTI003777,FBgn0000575,http://flybase.org/reports/FBgn0000575,emc
CPTI003790,FBgn0000053,http://flybase.org/reports/FBgn0000053,ade3
CPTI003794,FBgn0020621,http://flybase.org/reports/FBgn0020621,Pkn
CPTI003798,FBgn0266599,http://flybase.org/reports/FBgn0266599,Hsc70-4
CPTI003801,FBgn0042134,http://flybase.org/reports/FBgn0042134,Capr
CPTI003811,FBgn0027087,http://flybase.org/reports/FBgn0027087,HisRS
CPTI003892,FBgn0031037,http://flybase.org/reports/FBgn0031037,CG14207
CPTI003907,FBgn0263705,http://flybase.org/reports/FBgn0263705,Myo10A
CPTI003908,FBgn0010909,http://flybase.org/reports/FBgn0010909,msn
CPTI003910,FBgn0262735,http://flybase.org/reports/FBgn0262735,
CPTI003926,FBgn0261933,http://flybase.org/reports/FBgn0261933,SmD1
CPTI003927,FBgn0004419,http://flybase.org/reports/FBgn0004419,me31B
CPTI003932,FBgn0032859,http://flybase.org/reports/FBgn0032859,Arpc2
CPTI003978,FBgn0031037,http://flybase.org/reports/FBgn0031037,CG14207
CPTI003993,FBgn0027570,http://flybase.org/reports/FBgn0027570,Nep2
CPTI004007,FBgn0263346,http://flybase.org/reports/FBgn0263346,CG43427
CPTI004022,FBgn0011828,http://flybase.org/reports/FBgn0011828,Pxn
CPTI004041,FBgn0037607,http://flybase.org/reports/FBgn0037607,CG8036
CPTI004044,FBgn0262735,http://flybase.org/reports/FBgn0262735,
CPTI004047,FBgn0265523,http://flybase.org/reports/FBgn0265523,Smr
CPTI004074,FBgn0002719,http://flybase.org/reports/FBgn0002719,Men
CPTI004088,FBgn0259176,http://flybase.org/reports/FBgn0259176,bun
CPTI004094,FBgn0032731,http://flybase.org/reports/FBgn0032731,Swip-1
CPTI004107,FBgn0086347,http://flybase.org/reports/FBgn0086347,Myo31DF
CPTI004113,FBgn0250823,http://flybase.org/reports/FBgn0250823,gish
CPTI004166,FBgn0259176,http://flybase.org/reports/FBgn0259176,bun
CPTI004167,FBgn0267911,http://flybase.org/reports/FBgn0267911,trol
CPTI004174,FBgn0259176,http://flybase.org/reports/FBgn0259176,bun
CPTI004181,FBgn0052676,http://flybase.org/reports/FBgn0052676,stx
CPTI004196,FBgn0037607,http://flybase.org/reports/FBgn0037607,CG8036
CPTI004204,FBgn0264307,http://flybase.org/reports/FBgn0264307,orb2
CPTI004242,FBgn0267790,http://flybase.org/reports/FBgn0267790,rump
CPTI004244,FBgn0260747,http://flybase.org/reports/FBgn0260747,Chchd2
CPTI004245,FBgn0038853,http://flybase.org/reports/FBgn0038853,RhoGAP93B
CPTI004256,FBgn0016700,http://flybase.org/reports/FBgn0016700,
CPTI004270,FBgn0014342,http://flybase.org/reports/FBgn0014342,mia
CPTI004278,FBgn0051431,http://flybase.org/reports/FBgn0051431,CG31431
CPTI004298,FBgn0032910,http://flybase.org/reports/FBgn0032910,CG9265
CPTI004299,FBgn0000116,http://flybase.org/reports/FBgn0000116,Argk
CPTI004337,FBgn0037440,http://flybase.org/reports/FBgn0037440,CRAT
CPTI004347,FBgn0266019,http://flybase.org/reports/FBgn0266019,rudhira
CPTI004349,FBgn0020385,http://flybase.org/reports/FBgn0020385,pug
CPTI004368,FBgn0020385,http://flybase.org/reports/FBgn0020385,pug
CPTI004381,FBgn0022029,http://flybase.org/reports/FBgn0022029,l(2)k01209
CPTI004402,FBgn0052676,http://flybase.org/reports/FBgn0052676,stx
CPTI004445,FBgn0031037,http://flybase.org/reports/FBgn0031037,CG14207
CPTI004450,FBgn0030796,http://flybase.org/reports/FBgn0030796,CG4829
CPTI004473,FBgn0263930,http://flybase.org/reports/FBgn0263930,dally
CPTI004525,FBgn0014184,http://flybase.org/reports/FBgn0014184,Oda
CPTI004527,FBgn0030520,http://flybase.org/reports/FBgn0030520,Pdcd4
CPTI004533,FBgn0004395,http://flybase.org/reports/FBgn0004395,unk
CPTI004536,FBgn0026179,http://flybase.org/reports/FBgn0026179,siz
CPTI004543,FBgn0011817,http://flybase.org/reports/FBgn0011817,nmo
CPTI100000,FBgn0032899,http://flybase.org/reports/FBgn0032899,CG9338
CPTI100001,FBgn0036824,http://flybase.org/reports/FBgn0036824,CG3902
CPTI100002,FBgn0001145,http://flybase.org/reports/FBgn0001145,Gs2
CPTI100003,FBgn0037913,http://flybase.org/reports/FBgn0037913,fabp
CPTI100004,FBgn0036824,http://flybase.org/reports/FBgn0036824,CG3902
CPTI100005,FBgn0261822,http://flybase.org/reports/FBgn0261822,Bsg
CPTI100008,FBgn0014037,http://flybase.org/reports/FBgn0014037,Su(Tpl)
CPTI100009,FBgn0053113,http://flybase.org/reports/FBgn0053113,Rtnl1
CPTI100017,FBgn0051352,http://flybase.org/reports/FBgn0051352,Unc-115a
CPTI100021,,,
CPTI100022,FBgn0000636,http://flybase.org/reports/FBgn0000636,Fas3
CPTI100026,FBgn0020238,http://flybase.org/reports/FBgn0020238,14-3-3epsilon
CPTI100027,FBgn0003371,http://flybase.org/reports/FBgn0003371,sgg
CPTI100032,FBgn0028499,http://flybase.org/reports/FBgn0028499,CG7985
CPTI100033,FBgn0261985,http://flybase.org/reports/FBgn0261985,Ptpmeg
CPTI100034,FBgn0020238,http://flybase.org/reports/FBgn0020238,14-3-3epsilon
CPTI100036,FBgn0265434,http://flybase.org/reports/FBgn0265434,zip
CPTI100038,FBgn0259140,http://flybase.org/reports/FBgn0259140,CG42255
CPTI100039,FBgn0024183,http://flybase.org/reports/FBgn0024183,vig
CPTI100041,FBgn0262736,http://flybase.org/reports/FBgn0262736,Vha16-1
CPTI100048,FBgn0031737,http://flybase.org/reports/FBgn0031737,obst-E
CPTI100050,FBgn0261822,http://flybase.org/reports/FBgn0261822,Bsg
CPTI100059,FBgn0041775,http://flybase.org/reports/FBgn0041775,tral
CPTI100063,FBgn0005671,http://flybase.org/reports/FBgn0005671,Vha55
CPTI100065,FBgn0020238,http://flybase.org/reports/FBgn0020238,14-3-3epsilon
CPTI100066,FBgn0024238,http://flybase.org/reports/FBgn0024238,Fim
CPTI100067,FBgn0031737,http://flybase.org/reports/FBgn0031737,obst-E
FTRG1,FBgn0260745,http://flybase.org/reports/FBgn0260745,mfas
FTRG1000,FBgn0038344,http://flybase.org/reports/FBgn0038344,obe
FTRG10001,FBgn0016076,http://flybase.org/reports/FBgn0016076,vri
FTRG10004,FBgn0266671,http://flybase.org/reports/FBgn0266671,Sec6
FTRG10010,FBgn0001233,http://flybase.org/reports/FBgn0001233,Hsp83
FTRG10013,FBgn0031913,http://flybase.org/reports/FBgn0031913,CG5958
FTRG10017,FBgn0025700,http://flybase.org/reports/FBgn0025700,CG5885
FTRG10018,FBgn0263846,http://flybase.org/reports/FBgn0263846,CG43707
FTRG10022,FBgn0033721,http://flybase.org/reports/FBgn0033721,CG13159
FTRG10025,FBgn0037443,http://flybase.org/reports/FBgn0037443,Dmtn
FTRG10028,FBgn0000047,http://flybase.org/reports/FBgn0000047,Act88F
FTRG10029,FBgn0041105,http://flybase.org/reports/FBgn0041105,nerfin-2
FTRG10031,FBgn0266369,http://flybase.org/reports/FBgn0266369,Mtp
FTRG10032,FBgn0023083,http://flybase.org/reports/FBgn0023083,fray
FTRG10035,FBgn0032600,http://flybase.org/reports/FBgn0032600,BuGZ
FTRG10036,FBgn0033581,http://flybase.org/reports/FBgn0033581,CG12391
FTRG10039,FBgn0035471,http://flybase.org/reports/FBgn0035471,Sc2
FTRG1004,FBgn0035346,http://flybase.org/reports/FBgn0035346,CG1146
FTRG10040,FBgn0034821,http://flybase.org/reports/FBgn0034821,CG9876
FTRG10041,FBgn0031232,http://flybase.org/reports/FBgn0031232,CG11617
FTRG10042,FBgn0025360,http://flybase.org/reports/FBgn0025360,Optix
FTRG10044,FBgn0005386,http://flybase.org/reports/FBgn0005386,ash1
FTRG10045,FBgn0266673,http://flybase.org/reports/FBgn0266673,Sec10
FTRG10052,FBgn0010433,http://flybase.org/reports/FBgn0010433,ato
FTRG10058,FBgn0005427,http://flybase.org/reports/FBgn0005427,ewg
FTRG10059,FBgn0052121,http://flybase.org/reports/FBgn0052121,CG32121
FTRG10060,FBgn0003339,http://flybase.org/reports/FBgn0003339,Scr
FTRG10061,FBgn0026317,http://flybase.org/reports/FBgn0026317,Tsc1
FTRG10062,FBgn0024273,http://flybase.org/reports/FBgn0024273,WASp
FTRG10067,FBgn0032157,http://flybase.org/reports/FBgn0032157,Etl1
FTRG1007,FBgn0038345,http://flybase.org/reports/FBgn0038345,CG5213
FTRG10070,FBgn0003317,http://flybase.org/reports/FBgn0003317,sax
FTRG10074,FBgn0008646,http://flybase.org/reports/FBgn0008646,E5
FTRG10075,FBgn0003514,http://flybase.org/reports/FBgn0003514,sqh
FTRG10076,FBgn0004569,http://flybase.org/reports/FBgn0004569,aos
FTRG10082,FBgn0026192,http://flybase.org/reports/FBgn0026192,par-6
FTRG10085,FBgn0259685,http://flybase.org/reports/FBgn0259685,crb
FTRG1009,FBgn0259139,http://flybase.org/reports/FBgn0259139,glo
FTRG101,FBgn0000357,http://flybase.org/reports/FBgn0000357,Cp18
FTRG1011,FBgn0036156,http://flybase.org/reports/FBgn0036156,CG11726
FTRG10123,FBgn0002521,http://flybase.org/reports/FBgn0002521,pho
FTRG10125,FBgn0039269,http://flybase.org/reports/FBgn0039269,veli
FTRG10129,FBgn0030933,http://flybase.org/reports/FBgn0030933,CG6470
FTRG1013,FBgn0283500,http://flybase.org/reports/FBgn0283500,Sac1
FTRG10130,FBgn0261456,http://flybase.org/reports/FBgn0261456,hpo
FTRG10134,FBgn0002561,http://flybase.org/reports/FBgn0002561,l(1)sc
FTRG10141,FBgn0263933,http://flybase.org/reports/FBgn0263933,ebi
FTRG10143,FBgn0011020,http://flybase.org/reports/FBgn0011020,Sas-4
FTRG10148,FBgn0037992,http://flybase.org/reports/FBgn0037992,CG4702
FTRG10149,FBgn0035625,http://flybase.org/reports/FBgn0035625,Blimp-1
FTRG1015,FBgn0038799,http://flybase.org/reports/FBgn0038799,MFS9
FTRG10152,FBgn0037526,http://flybase.org/reports/FBgn0037526,ArgRS-m
FTRG10155,FBgn0011648,http://flybase.org/reports/FBgn0011648,Mad
FTRG10158,FBgn0000591,http://flybase.org/reports/FBgn0000591,E(spl)m8-HLH
FTRG10163,FBgn0032209,http://flybase.org/reports/FBgn0032209,Hand
FTRG10164,FBgn0004567,http://flybase.org/reports/FBgn0004567,slp2
FTRG10167,FBgn0002631,http://flybase.org/reports/FBgn0002631,E(spl)m5-HLH
FTRG1017,FBgn0261285,http://flybase.org/reports/FBgn0261285,Ppcs
FTRG10170,FBgn0001981,http://flybase.org/reports/FBgn0001981,esg
FTRG10174,FBgn0034708,http://flybase.org/reports/FBgn0034708,Vps35
FTRG10181,FBgn0003448,http://flybase.org/reports/FBgn0003448,sna
FTRG10187,FBgn0001321,http://flybase.org/reports/FBgn0001321,knk
FTRG10188,FBgn0024244,http://flybase.org/reports/FBgn0024244,drm
FTRG1019,FBgn0263117,http://flybase.org/reports/FBgn0263117,CG34377
FTRG10195,FBgn0266671,http://flybase.org/reports/FBgn0266671,Sec6
FTRG10199,FBgn0030244,http://flybase.org/reports/FBgn0030244,CG2157
FTRG1020,FBgn0052066,http://flybase.org/reports/FBgn0052066,CG32066
FTRG10201,FBgn0037443,http://flybase.org/reports/FBgn0037443,Dmtn
FTRG10202,FBgn0266673,http://flybase.org/reports/FBgn0266673,Sec10
FTRG10204,FBgn0033721,http://flybase.org/reports/FBgn0033721,CG13159
FTRG10205,FBgn0003514,http://flybase.org/reports/FBgn0003514,sqh
FTRG10206,FBgn0025700,http://flybase.org/reports/FBgn0025700,CG5885
FTRG10207,FBgn0038065,http://flybase.org/reports/FBgn0038065,Snx3
FTRG10210,FBgn0014020,http://flybase.org/reports/FBgn0014020,Rho1
FTRG10215,FBgn0000490,http://flybase.org/reports/FBgn0000490,dpp
FTRG10219,FBgn0004878,http://flybase.org/reports/FBgn0004878,cas
FTRG1022,FBgn0005411,http://flybase.org/reports/FBgn0005411,U2af50
FTRG10223,FBgn0003130,http://flybase.org/reports/FBgn0003130,Poxn
FTRG10225,FBgn0000658,http://flybase.org/reports/FBgn0000658,fj
FTRG10228,FBgn0004595,http://flybase.org/reports/FBgn0004595,pros
FTRG10229,FBgn0000183,http://flybase.org/reports/FBgn0000183,BicD
FTRG1023,FBgn0038965,http://flybase.org/reports/FBgn0038965,mats
FTRG10231,FBgn0000492,http://flybase.org/reports/FBgn0000492,Dr
FTRG10233,FBgn0001075,http://flybase.org/reports/FBgn0001075,ft
FTRG10234,FBgn0039044,http://flybase.org/reports/FBgn0039044,p53
FTRG10236,FBgn0260442,http://flybase.org/reports/FBgn0260442,rhea
FTRG10237,FBgn0000287,http://flybase.org/reports/FBgn0000287,salr
FTRG10240,FBgn0001147,http://flybase.org/reports/FBgn0001147,gsb-n
FTRG10243,FBgn0001308,http://flybase.org/reports/FBgn0001308,Khc
FTRG10244,FBgn0039039,http://flybase.org/reports/FBgn0039039,lmd
FTRG10245,FBgn0039709,http://flybase.org/reports/FBgn0039709,Cad99C
FTRG10248,FBgn0052227,http://flybase.org/reports/FBgn0052227,gogo
FTRG10249,FBgn0014343,http://flybase.org/reports/FBgn0014343,mirr
FTRG1025,FBgn0036104,http://flybase.org/reports/FBgn0036104,CG6418
FTRG10250,FBgn0001086,http://flybase.org/reports/FBgn0001086,fzy
FTRG10251,FBgn0032363,http://flybase.org/reports/FBgn0032363,Dlg5
FTRG1029,FBgn0038925,http://flybase.org/reports/FBgn0038925,Cchl
FTRG103,FBgn0032897,http://flybase.org/reports/FBgn0032897,CG9336
FTRG1031,FBgn0003882,http://flybase.org/reports/FBgn0003882,tub
FTRG1033,FBgn0036754,http://flybase.org/reports/FBgn0036754,CG5589
FTRG1035,FBgn0266581,http://flybase.org/reports/FBgn0266581,pit
FTRG1037,FBgn0002413,http://flybase.org/reports/FBgn0002413,dco
FTRG1038,FBgn0022943,http://flybase.org/reports/FBgn0022943,Cbp20
FTRG1039,FBgn0004364,http://flybase.org/reports/FBgn0004364,18w
FTRG1040,FBgn0261477,http://flybase.org/reports/FBgn0261477,slim
FTRG1041,FBgn0027619,http://flybase.org/reports/FBgn0027619,eIF3j
FTRG1042,FBgn0000615,http://flybase.org/reports/FBgn0000615,exu
FTRG1043,FBgn0001108,http://flybase.org/reports/FBgn0001108,DCTN1-p150
FTRG1044,FBgn0036746,http://flybase.org/reports/FBgn0036746,Crtc
FTRG1045,FBgn0002736,http://flybase.org/reports/FBgn0002736,mago
FTRG1046,FBgn0053519,http://flybase.org/reports/FBgn0053519,Unc-89
FTRG105,FBgn0004055,http://flybase.org/reports/FBgn0004055,uzip
FTRG1051,FBgn0037950,http://flybase.org/reports/FBgn0037950,HisCl1
FTRG1055,FBgn0039338,http://flybase.org/reports/FBgn0039338,XNP
FTRG1059,FBgn0036756,http://flybase.org/reports/FBgn0036756,Cln3
FTRG1061,FBgn0040212,http://flybase.org/reports/FBgn0040212,Dhap-at
FTRG1063,FBgn0036365,http://flybase.org/reports/FBgn0036365,cmb
FTRG1065,FBgn0015527,http://flybase.org/reports/FBgn0015527,peng
FTRG1069,FBgn0037939,http://flybase.org/reports/FBgn0037939,CG14718
FTRG107,FBgn0011774,http://flybase.org/reports/FBgn0011774,Irbp
FTRG1071,FBgn0042693,http://flybase.org/reports/FBgn0042693,wrd
FTRG1073,FBgn0027500,http://flybase.org/reports/FBgn0027500,spd-2
FTRG1074,FBgn0039073,http://flybase.org/reports/FBgn0039073,CG4408
FTRG1079,FBgn0011290,http://flybase.org/reports/FBgn0011290,Taf12
FTRG108,FBgn0014388,http://flybase.org/reports/FBgn0014388,sty
FTRG1083,FBgn0004045,http://flybase.org/reports/FBgn0004045,Yp1
FTRG1085,FBgn0030833,http://flybase.org/reports/FBgn0030833,CG8915
FTRG1089,FBgn0011768,http://flybase.org/reports/FBgn0011768,Fdh
FTRG109,FBgn0030058,http://flybase.org/reports/FBgn0030058,CG11294
FTRG1090,FBgn0015589,http://flybase.org/reports/FBgn0015589,Apc
FTRG1092,FBgn0052495,http://flybase.org/reports/FBgn0052495,CG32495
FTRG1096,FBgn0029798,http://flybase.org/reports/FBgn0029798,CG4078
FTRG1098,FBgn0038516,http://flybase.org/reports/FBgn0038516,P5cr-2
FTRG11,FBgn0264005,http://flybase.org/reports/FBgn0264005,Hmx
FTRG1105,FBgn0045843,http://flybase.org/reports/FBgn0045843,RacGAP84C
FTRG1106,FBgn0030806,http://flybase.org/reports/FBgn0030806,CG13001
FTRG1110,FBgn0030653,http://flybase.org/reports/FBgn0030653,CG7860
FTRG1114,FBgn0037574,http://flybase.org/reports/FBgn0037574,Coq2
FTRG1116,FBgn0004390,http://flybase.org/reports/FBgn0004390,RasGAP1
FTRG1118,FBgn0267795,http://flybase.org/reports/FBgn0267795,Frl
FTRG112,FBgn0000411,http://flybase.org/reports/FBgn0000411,D
FTRG1120,FBgn0003079,http://flybase.org/reports/FBgn0003079,Raf
FTRG1122,FBgn0028475,http://flybase.org/reports/FBgn0028475,Hrd3
FTRG1124,FBgn0021765,http://flybase.org/reports/FBgn0021765,scu
FTRG1126,FBgn0014427,http://flybase.org/reports/FBgn0014427,CG11899
FTRG1128,FBgn0000316,http://flybase.org/reports/FBgn0000316,cin
FTRG113,FBgn0042205,http://flybase.org/reports/FBgn0042205,CG18764
FTRG1130,FBgn0003261,http://flybase.org/reports/FBgn0003261,Rm62
FTRG1132,FBgn0035526,http://flybase.org/reports/FBgn0035526,CG1316
FTRG1134,FBgn0037573,http://flybase.org/reports/FBgn0037573,CG7483
FTRG1136,FBgn0014455,http://flybase.org/reports/FBgn0014455,Ahcy
FTRG1140,FBgn0015075,http://flybase.org/reports/FBgn0015075,Ddx1
FTRG1143,FBgn0024806,http://flybase.org/reports/FBgn0024806,DIP2
FTRG1145,FBgn0037382,http://flybase.org/reports/FBgn0037382,Hpr1
FTRG1147,FBgn0027617,http://flybase.org/reports/FBgn0027617,CG5808
FTRG1149,FBgn0034997,http://flybase.org/reports/FBgn0034997,CG3376
FTRG115,FBgn0024371,http://flybase.org/reports/FBgn0024371,E2f2
FTRG1153,FBgn0031574,http://flybase.org/reports/FBgn0031574,CG3964
FTRG1155,FBgn0033313,http://flybase.org/reports/FBgn0033313,Cirl
FTRG1156,FBgn0034576,http://flybase.org/reports/FBgn0034576,ND-B14.7
FTRG1158,FBgn0033785,http://flybase.org/reports/FBgn0033785,Sans
FTRG1160,FBgn0034572,http://flybase.org/reports/FBgn0034572,CG9346
FTRG1162,FBgn0031763,http://flybase.org/reports/FBgn0031763,CG13996
FTRG1164,FBgn0001123,http://flybase.org/reports/FBgn0001123,Galphas
FTRG1166,FBgn0033761,http://flybase.org/reports/FBgn0033761,CG8778
FTRG1168,FBgn0034739,http://flybase.org/reports/FBgn0034739,CG3927
FTRG1169,FBgn0031762,http://flybase.org/reports/FBgn0031762,CG9098
FTRG117,FBgn0027599,http://flybase.org/reports/FBgn0027599,CG2790
FTRG1170,FBgn0001942,http://flybase.org/reports/FBgn0001942,eIF4A
FTRG1172,FBgn0004507,http://flybase.org/reports/FBgn0004507,GlyP
FTRG1174,FBgn0038541,http://flybase.org/reports/FBgn0038541,TyrRII
FTRG1176,FBgn0053229,http://flybase.org/reports/FBgn0053229,CG33229
FTRG1178,FBgn0020224,http://flybase.org/reports/FBgn0020224,Cbl
FTRG1180,FBgn0015296,http://flybase.org/reports/FBgn0015296,Shc
FTRG1182,FBgn0026597,http://flybase.org/reports/FBgn0026597,Axn
FTRG1184,FBgn0283451,http://flybase.org/reports/FBgn0283451,br
FTRG1186,FBgn0036053,http://flybase.org/reports/FBgn0036053,iPLA2-VIA
FTRG1187,FBgn0031062,http://flybase.org/reports/FBgn0031062,CG14230
FTRG1189,FBgn0260746,http://flybase.org/reports/FBgn0260746,Ect3
FTRG1193,FBgn0025725,http://flybase.org/reports/FBgn0025725,alphaCOP
FTRG1195,FBgn0030507,http://flybase.org/reports/FBgn0030507,CG11164
FTRG1197,FBgn0026323,http://flybase.org/reports/FBgn0026323,Tak1
FTRG1199,FBgn0040365,http://flybase.org/reports/FBgn0040365,CG14628
FTRG1201,FBgn0030506,http://flybase.org/reports/FBgn0030506,Lig4
FTRG1202,FBgn0038814,http://flybase.org/reports/FBgn0038814,CG15923
FTRG1204,FBgn0052512,http://flybase.org/reports/FBgn0052512,CG32512
FTRG121,FBgn0261723,http://flybase.org/reports/FBgn0261723,Dbx
FTRG1212,FBgn0037647,http://flybase.org/reports/FBgn0037647,RagA-B
FTRG1214,FBgn0001090,http://flybase.org/reports/FBgn0001090,bnb
FTRG1215,FBgn0038915,http://flybase.org/reports/FBgn0038915,CG17819
FTRG1217,FBgn0039229,http://flybase.org/reports/FBgn0039229,Saf-B
FTRG1219,FBgn0038163,http://flybase.org/reports/FBgn0038163,CG10841
FTRG122,FBgn0029943,http://flybase.org/reports/FBgn0029943,Atg5
FTRG1221,FBgn0265351,http://flybase.org/reports/FBgn0265351,nac
FTRG1223,FBgn0035520,http://flybase.org/reports/FBgn0035520,CG11586
FTRG1225,FBgn0001565,http://flybase.org/reports/FBgn0001565,Hlc
FTRG1227,FBgn0037342,http://flybase.org/reports/FBgn0037342,CG2931
FTRG1229,FBgn0036169,http://flybase.org/reports/FBgn0036169,
FTRG1231,FBgn0002931,http://flybase.org/reports/FBgn0002931,net
FTRG1233,FBgn0032194,http://flybase.org/reports/FBgn0032194,CG4901
FTRG1235,FBgn0259789,http://flybase.org/reports/FBgn0259789,zld
FTRG1237,FBgn0014466,http://flybase.org/reports/FBgn0014466,Cp7Fc
FTRG124,FBgn0017551,http://flybase.org/reports/FBgn0017551,Rca1
FTRG1240,FBgn0032730,http://flybase.org/reports/FBgn0032730,CG10431
FTRG1242,FBgn0031345,http://flybase.org/reports/FBgn0031345,CG18132
FTRG1244,FBgn0026374,http://flybase.org/reports/FBgn0026374,Rhp
FTRG1246,FBgn0032363,http://flybase.org/reports/FBgn0032363,Dlg5
FTRG1248,FBgn0021818,http://flybase.org/reports/FBgn0021818,cnk
FTRG125,FBgn0023083,http://flybase.org/reports/FBgn0023083,fray
FTRG1250,FBgn0263072,http://flybase.org/reports/FBgn0263072,CG43347
FTRG1252,FBgn0039946,http://flybase.org/reports/FBgn0039946,ATbp
FTRG1253,FBgn0262699,http://flybase.org/reports/FBgn0262699,fzr
FTRG1255,FBgn0004034,http://flybase.org/reports/FBgn0004034,y
FTRG1256,FBgn0263511,http://flybase.org/reports/FBgn0263511,Vsx1
FTRG1257,FBgn0031692,http://flybase.org/reports/FBgn0031692,TpnC25D
FTRG1258,FBgn0000384,http://flybase.org/reports/FBgn0000384,cta
FTRG1259,FBgn0052654,http://flybase.org/reports/FBgn0052654,Sec16
FTRG1260,FBgn0029778,http://flybase.org/reports/FBgn0029778,RhoGAP5A
FTRG1261,FBgn0000808,http://flybase.org/reports/FBgn0000808,gd
FTRG1262,FBgn0260855,http://flybase.org/reports/FBgn0260855,Sec22
FTRG1263,FBgn0043854,http://flybase.org/reports/FBgn0043854,slam
FTRG1264,FBgn0000182,http://flybase.org/reports/FBgn0000182,BicC
FTRG1266,FBgn0031765,http://flybase.org/reports/FBgn0031765,CG9109
FTRG1268,FBgn0263198,http://flybase.org/reports/FBgn0263198,Acn
FTRG127,FBgn0024179,http://flybase.org/reports/FBgn0024179,wit
FTRG1270,FBgn0050476,http://flybase.org/reports/FBgn0050476,ave
FTRG1272,FBgn0000182,http://flybase.org/reports/FBgn0000182,BicC
FTRG1274,FBgn0001941,http://flybase.org/reports/FBgn0001941,ifc
FTRG1276,FBgn0259685,http://flybase.org/reports/FBgn0259685,crb
FTRG1277,FBgn0032415,http://flybase.org/reports/FBgn0032415,rho-6
FTRG1278,FBgn0030503,http://flybase.org/reports/FBgn0030503,Tango2
FTRG1279,FBgn0052675,http://flybase.org/reports/FBgn0052675,Tango5
FTRG128,FBgn0261930,http://flybase.org/reports/FBgn0261930,vnd
FTRG1280,FBgn0030808,http://flybase.org/reports/FBgn0030808,RhoGAP15B
FTRG1281,FBgn0261244,http://flybase.org/reports/FBgn0261244,inaE
FTRG1282,FBgn0026144,http://flybase.org/reports/FBgn0026144,CBP
FTRG1283,FBgn0030330,http://flybase.org/reports/FBgn0030330,Tango10
FTRG1284,FBgn0030893,http://flybase.org/reports/FBgn0030893,RhoGAP16F
FTRG1287,FBgn0002044,http://flybase.org/reports/FBgn0002044,swm
FTRG1289,FBgn0033226,http://flybase.org/reports/FBgn0033226,CG1882
FTRG129,FBgn0026192,http://flybase.org/reports/FBgn0026192,par-6
FTRG1291,FBgn0032105,http://flybase.org/reports/FBgn0032105,borr
FTRG1293,FBgn0033465,http://flybase.org/reports/FBgn0033465,Etf-QO
FTRG1295,FBgn0034750,http://flybase.org/reports/FBgn0034750,CG3732
FTRG1296,FBgn0011297,http://flybase.org/reports/FBgn0011297,l(2)not
FTRG1298,FBgn0032746,http://flybase.org/reports/FBgn0032746,CG10470
FTRG1299,FBgn0263116,http://flybase.org/reports/FBgn0263116,5-HT1B
FTRG13,FBgn0038032,http://flybase.org/reports/FBgn0038032,CG10096
FTRG1300,FBgn0032731,http://flybase.org/reports/FBgn0032731,Swip-1
FTRG1304,FBgn0031607,http://flybase.org/reports/FBgn0031607,CG15440
FTRG1308,FBgn0262511,http://flybase.org/reports/FBgn0262511,Vha44
FTRG131,FBgn0024836,http://flybase.org/reports/FBgn0024836,stan
FTRG1312,FBgn0020270,http://flybase.org/reports/FBgn0020270,mre11
FTRG1317,FBgn0260953,http://flybase.org/reports/FBgn0260953,CG42585
FTRG1319,FBgn0034136,http://flybase.org/reports/FBgn0034136,DAT
FTRG1321,FBgn0261983,http://flybase.org/reports/FBgn0261983,l(2)gd1
FTRG1323,FBgn0033555,http://flybase.org/reports/FBgn0033555,RpS15Ab
FTRG1324,FBgn0039994,http://flybase.org/reports/FBgn0039994,conu
FTRG1325,FBgn0031484,http://flybase.org/reports/FBgn0031484,CG3165
FTRG1327,FBgn0261119,http://flybase.org/reports/FBgn0261119,Prp19
FTRG1329,FBgn0015399,http://flybase.org/reports/FBgn0015399,kek1
FTRG1331,FBgn0013763,http://flybase.org/reports/FBgn0013763,Idgf6
FTRG1332,FBgn0087012,http://flybase.org/reports/FBgn0087012,5-HT2A
FTRG1334,FBgn0034071,http://flybase.org/reports/FBgn0034071,CG8405
FTRG1337,FBgn0086357,http://flybase.org/reports/FBgn0086357,Sec61alpha
FTRG1338,FBgn0034827,http://flybase.org/reports/FBgn0034827,Klp59D
FTRG134,FBgn0015218,http://flybase.org/reports/FBgn0015218,eIF4E1
FTRG1340,FBgn0027835,http://flybase.org/reports/FBgn0027835,Dp1
FTRG1342,FBgn0005619,http://flybase.org/reports/FBgn0005619,Hdc
FTRG1344,FBgn0034277,http://flybase.org/reports/FBgn0034277,OstDelta
FTRG1346,FBgn0283682,http://flybase.org/reports/FBgn0283682,Ge-1
FTRG1348,FBgn0034802,http://flybase.org/reports/FBgn0034802,CNBP
FTRG1350,FBgn0261397,http://flybase.org/reports/FBgn0261397,didum
FTRG1351,FBgn0034117,http://flybase.org/reports/FBgn0034117,CG7997
FTRG1352,FBgn0031401,http://flybase.org/reports/FBgn0031401,papi
FTRG1353,FBgn0261850,http://flybase.org/reports/FBgn0261850,Xpd
FTRG1355,FBgn0010342,http://flybase.org/reports/FBgn0010342,Map60
FTRG1357,FBgn0243516,http://flybase.org/reports/FBgn0243516,Vrp1
FTRG1359,FBgn0029713,http://flybase.org/reports/FBgn0029713,CG11436
FTRG1361,FBgn0004367,http://flybase.org/reports/FBgn0004367,mei-41
FTRG1363,FBgn0033050,http://flybase.org/reports/FBgn0033050,Pngl
FTRG1364,FBgn0015621,http://flybase.org/reports/FBgn0015621,Clp
FTRG1365,FBgn0020622,http://flybase.org/reports/FBgn0020622,Pi3K21B
FTRG1366,FBgn0029715,http://flybase.org/reports/FBgn0029715,CG11444
FTRG1367,FBgn0030569,http://flybase.org/reports/FBgn0030569,CG9411
FTRG1369,FBgn0037707,http://flybase.org/reports/FBgn0037707,RnpS1
FTRG137,FBgn0259685,http://flybase.org/reports/FBgn0259685,crb
FTRG1370,FBgn0004406,http://flybase.org/reports/FBgn0004406,tam
FTRG1371,FBgn0028480,http://flybase.org/reports/FBgn0028480,CG17841
FTRG1373,FBgn0033902,http://flybase.org/reports/FBgn0033902,eIF3m
FTRG1374,FBgn0005636,http://flybase.org/reports/FBgn0005636,nvy
FTRG1375,FBgn0027360,http://flybase.org/reports/FBgn0027360,Tim10
FTRG1376,FBgn0016126,http://flybase.org/reports/FBgn0016126,CaMKI
FTRG1377,FBgn0019968,http://flybase.org/reports/FBgn0019968,Khc-73
FTRG1378,FBgn0013348,http://flybase.org/reports/FBgn0013348,TpnC41C
FTRG1379,FBgn0011606,http://flybase.org/reports/FBgn0011606,Klp3A
FTRG138,FBgn0004595,http://flybase.org/reports/FBgn0004595,pros
FTRG1380,FBgn0002773,http://flybase.org/reports/FBgn0002773,Mlc2
FTRG1381,FBgn0002772,http://flybase.org/reports/FBgn0002772,Mlc1
FTRG1383,FBgn0005427,http://flybase.org/reports/FBgn0005427,ewg
FTRG1384,FBgn0036044,http://flybase.org/reports/FBgn0036044,Zasp67
FTRG1385,FBgn0004863,http://flybase.org/reports/FBgn0004863,C15
FTRG1388,FBgn0016041,http://flybase.org/reports/FBgn0016041,Tom40
FTRG139,FBgn0001180,http://flybase.org/reports/FBgn0001180,hb
FTRG1394,FBgn0003015,http://flybase.org/reports/FBgn0003015,osk
FTRG140,FBgn0000588,http://flybase.org/reports/FBgn0000588,esc
FTRG141,FBgn0004053,http://flybase.org/reports/FBgn0004053,zen
FTRG142,FBgn0000097,http://flybase.org/reports/FBgn0000097,aop
FTRG143,FBgn0000490,http://flybase.org/reports/FBgn0000490,dpp
FTRG144,FBgn0060296,http://flybase.org/reports/FBgn0060296,pain
FTRG145,FBgn0035049,http://flybase.org/reports/FBgn0035049,Mmp1
FTRG146,FBgn0003507,http://flybase.org/reports/FBgn0003507,srp
FTRG147,FBgn0036538,http://flybase.org/reports/FBgn0036538,CG15715
FTRG148,FBgn0015904,http://flybase.org/reports/FBgn0015904,ara
FTRG149,FBgn0005660,http://flybase.org/reports/FBgn0005660,Ets21C
FTRG150,FBgn0028980,http://flybase.org/reports/FBgn0028980,tant
FTRG151,FBgn0264307,http://flybase.org/reports/FBgn0264307,orb2
FTRG152,FBgn0013469,http://flybase.org/reports/FBgn0013469,klu
FTRG153,FBgn0022740,http://flybase.org/reports/FBgn0022740,HLH54F
FTRG154,FBgn0051201,http://flybase.org/reports/FBgn0051201,GluRIIE
FTRG155,FBgn0029123,http://flybase.org/reports/FBgn0029123,SoxN
FTRG156,FBgn0020503,http://flybase.org/reports/FBgn0020503,CLIP-190
FTRG158,FBgn0035909,http://flybase.org/reports/FBgn0035909,ergic53
FTRG16,FBgn0033649,http://flybase.org/reports/FBgn0033649,pyr
FTRG160,FBgn0004862,http://flybase.org/reports/FBgn0004862,bap
FTRG161,FBgn0026199,http://flybase.org/reports/FBgn0026199,myo
FTRG163,FBgn0000964,http://flybase.org/reports/FBgn0000964,tj
FTRG164,FBgn0004049,http://flybase.org/reports/FBgn0004049,yrt
FTRG165,FBgn0261648,http://flybase.org/reports/FBgn0261648,salm
FTRG166,FBgn0263118,http://flybase.org/reports/FBgn0263118,tx
FTRG168,FBgn0010620,http://flybase.org/reports/FBgn0010620,CG10939
FTRG17,FBgn0004170,http://flybase.org/reports/FBgn0004170,sc
FTRG170,FBgn0037923,http://flybase.org/reports/FBgn0037923,CG6813
FTRG176,FBgn0263346,http://flybase.org/reports/FBgn0263346,CG43427
FTRG177,FBgn0033450,http://flybase.org/reports/FBgn0033450,Lsm11
FTRG178,FBgn0041188,http://flybase.org/reports/FBgn0041188,Atx2
FTRG179,FBgn0035856,http://flybase.org/reports/FBgn0035856,CG13679
FTRG180,FBgn0026404,http://flybase.org/reports/FBgn0026404,Dronc
FTRG181,FBgn0261393,http://flybase.org/reports/FBgn0261393,alpha-Est5
FTRG182,FBgn0016076,http://flybase.org/reports/FBgn0016076,vri
FTRG185,FBgn0038551,http://flybase.org/reports/FBgn0038551,Odj
FTRG19,FBgn0025936,http://flybase.org/reports/FBgn0025936,Eph
FTRG191,FBgn0038550,http://flybase.org/reports/FBgn0038550,CG17801
FTRG192,FBgn0005642,http://flybase.org/reports/FBgn0005642,wdn
FTRG197,FBgn0002780,http://flybase.org/reports/FBgn0002780,mod
FTRG200,FBgn0036411,http://flybase.org/reports/FBgn0036411,Sox21a
FTRG201,FBgn0028931,http://flybase.org/reports/FBgn0028931,CG16863
FTRG206,FBgn0030257,http://flybase.org/reports/FBgn0030257,SmydA-4
FTRG207,FBgn0032130,http://flybase.org/reports/FBgn0032130,CG3838
FTRG21,FBgn0001139,http://flybase.org/reports/FBgn0001139,gro
FTRG213,FBgn0028387,http://flybase.org/reports/FBgn0028387,chm
FTRG217,FBgn0030659,http://flybase.org/reports/FBgn0030659,CG9215
FTRG218,FBgn0003270,http://flybase.org/reports/FBgn0003270,amos
FTRG220,FBgn0004880,http://flybase.org/reports/FBgn0004880,scrt
FTRG23,FBgn0023091,http://flybase.org/reports/FBgn0023091,dimm
FTRG230,FBgn0040366,http://flybase.org/reports/FBgn0040366,CG11398
FTRG231,FBgn0027514,http://flybase.org/reports/FBgn0027514,CG1024
FTRG232,FBgn0015558,http://flybase.org/reports/FBgn0015558,tty
FTRG234,FBgn0033569,http://flybase.org/reports/FBgn0033569,CG12942
FTRG236,FBgn0038851,http://flybase.org/reports/FBgn0038851,dmrt93B
FTRG238,FBgn0033491,http://flybase.org/reports/FBgn0033491,CG18011
FTRG239,FBgn0015602,http://flybase.org/reports/FBgn0015602,BEAF-32
FTRG240,FBgn0004101,http://flybase.org/reports/FBgn0004101,bs
FTRG245,FBgn0020309,http://flybase.org/reports/FBgn0020309,crol
FTRG25,FBgn0002973,http://flybase.org/reports/FBgn0002973,numb
FTRG251,FBgn0262477,http://flybase.org/reports/FBgn0262477,FoxP
FTRG254,FBgn0031610,http://flybase.org/reports/FBgn0031610,CG15436
FTRG257,FBgn0032858,http://flybase.org/reports/FBgn0032858,CG10949
FTRG262,FBgn0051835,http://flybase.org/reports/FBgn0051835,CG31835
FTRG263,FBgn0035643,http://flybase.org/reports/FBgn0035643,CG13287
FTRG264,FBgn0261363,http://flybase.org/reports/FBgn0261363,PPO3
FTRG266,FBgn0034510,http://flybase.org/reports/FBgn0034510,CG13426
FTRG267,FBgn0037659,http://flybase.org/reports/FBgn0037659,Kdm2
FTRG268,FBgn0035699,http://flybase.org/reports/FBgn0035699,CG13300
FTRG27,FBgn0003267,http://flybase.org/reports/FBgn0003267,ro
FTRG270,FBgn0052831,http://flybase.org/reports/FBgn0052831,CG33695
FTRG272,FBgn0020767,http://flybase.org/reports/FBgn0020767,Spred
FTRG275,FBgn0027561,http://flybase.org/reports/FBgn0027561,CG18659
FTRG276,FBgn0030101,http://flybase.org/reports/FBgn0030101,CG12118
FTRG278,FBgn0051005,http://flybase.org/reports/FBgn0051005,qless
FTRG28,FBgn0266674,http://flybase.org/reports/FBgn0266674,Sec15
FTRG280,FBgn0004619,http://flybase.org/reports/FBgn0004619,GluRIA
FTRG283,FBgn0036844,http://flybase.org/reports/FBgn0036844,Mkp3
FTRG284,FBgn0001089,http://flybase.org/reports/FBgn0001089,Gal
FTRG286,FBgn0038179,http://flybase.org/reports/FBgn0038179,CG9312
FTRG288,FBgn0035878,http://flybase.org/reports/FBgn0035878,CG7182
FTRG289,FBgn0034084,http://flybase.org/reports/FBgn0034084,CG8435
FTRG29,FBgn0260632,http://flybase.org/reports/FBgn0260632,dl
FTRG290,FBgn0003134,http://flybase.org/reports/FBgn0003134,Pp1alpha-96A
FTRG292,FBgn0000038,http://flybase.org/reports/FBgn0000038,nAChRbeta1
FTRG294,FBgn0034005,http://flybase.org/reports/FBgn0034005,ItgaPS4
FTRG296,FBgn0036483,http://flybase.org/reports/FBgn0036483,CG12316
FTRG297,FBgn0038978,http://flybase.org/reports/FBgn0038978,tHMG1
FTRG3,FBgn0000158,http://flybase.org/reports/FBgn0000158,bam
FTRG303,FBgn0037379,http://flybase.org/reports/FBgn0037379,CG10979
FTRG304,FBgn0033846,http://flybase.org/reports/FBgn0033846,mip120
FTRG305,FBgn0026371,http://flybase.org/reports/FBgn0026371,SAK
FTRG307,FBgn0036396,http://flybase.org/reports/FBgn0036396,CG17359
FTRG308,FBgn0040305,http://flybase.org/reports/FBgn0040305,MTF-1
FTRG31,FBgn0014020,http://flybase.org/reports/FBgn0014020,Rho1
FTRG313,FBgn0030082,http://flybase.org/reports/FBgn0030082,HP1b
FTRG314,FBgn0027495,http://flybase.org/reports/FBgn0027495,Smyd4-4
FTRG317,FBgn0030395,http://flybase.org/reports/FBgn0030395,Mks1
FTRG318,FBgn0038852,http://flybase.org/reports/FBgn0038852,HHEX
FTRG32,FBgn0026562,http://flybase.org/reports/FBgn0026562,SPARC
FTRG321,FBgn0039527,http://flybase.org/reports/FBgn0039527,CG5639
FTRG322,FBgn0031573,http://flybase.org/reports/FBgn0031573,CG3407
FTRG323,FBgn0015371,http://flybase.org/reports/FBgn0015371,chn
FTRG328,FBgn0037619,http://flybase.org/reports/FBgn0037619,CG8159
FTRG329,FBgn0036004,http://flybase.org/reports/FBgn0036004,Jarid2
FTRG333,FBgn0283451,http://flybase.org/reports/FBgn0283451,br
FTRG336,FBgn0038402,http://flybase.org/reports/FBgn0038402,Fer2
FTRG339,FBgn0025639,http://flybase.org/reports/FBgn0025639,Hmt4-20
FTRG34,FBgn0023215,http://flybase.org/reports/FBgn0023215,Mnt
FTRG340,FBgn0003254,http://flybase.org/reports/FBgn0003254,rib
FTRG345,FBgn0037794,http://flybase.org/reports/FBgn0037794,CG6254
FTRG346,FBgn0086909,http://flybase.org/reports/FBgn0086909,CG31751
FTRG348,FBgn0002022,http://flybase.org/reports/FBgn0002022,Catsup
FTRG349,FBgn0024294,http://flybase.org/reports/FBgn0024294,Spn43Aa
FTRG351,FBgn0020617,http://flybase.org/reports/FBgn0020617,Rx
FTRG354,FBgn0030504,http://flybase.org/reports/FBgn0030504,CG2691
FTRG355,FBgn0004374,http://flybase.org/reports/FBgn0004374,neb
FTRG356,FBgn0022935,http://flybase.org/reports/FBgn0022935,D19A
FTRG360,FBgn0261802,http://flybase.org/reports/FBgn0261802,CG42748
FTRG361,FBgn0004620,http://flybase.org/reports/FBgn0004620,GluRIIA
FTRG362,FBgn0032979,http://flybase.org/reports/FBgn0032979,Clamp
FTRG365,FBgn0039448,http://flybase.org/reports/FBgn0039448,TwdlQ
FTRG367,FBgn0263352,http://flybase.org/reports/FBgn0263352,Unr
FTRG368,FBgn0010313,http://flybase.org/reports/FBgn0010313,corto
FTRG371,FBgn0010894,http://flybase.org/reports/FBgn0010894,sinu
FTRG372,FBgn0032015,http://flybase.org/reports/FBgn0032015,Ostgamma
FTRG373,FBgn0034194,http://flybase.org/reports/FBgn0034194,CG15611
FTRG375,FBgn0034135,http://flybase.org/reports/FBgn0034135,Syn2
FTRG376,FBgn0038768,http://flybase.org/reports/FBgn0038768,CG4936
FTRG377,FBgn0029905,http://flybase.org/reports/FBgn0029905,Nf-YC
FTRG378,FBgn0024975,http://flybase.org/reports/FBgn0024975,CG2712
FTRG380,FBgn0034667,http://flybase.org/reports/FBgn0034667,comr
FTRG382,FBgn0050020,http://flybase.org/reports/FBgn0050020,CG30020
FTRG386,FBgn0030266,http://flybase.org/reports/FBgn0030266,CG11122
FTRG387,FBgn0261064,http://flybase.org/reports/FBgn0261064,Rbsn-5
FTRG39,FBgn0002573,http://flybase.org/reports/FBgn0002573,sens
FTRG391,FBgn0010258,http://flybase.org/reports/FBgn0010258,Rbp4
FTRG392,FBgn0036126,http://flybase.org/reports/FBgn0036126,Irbp18
FTRG396,FBgn0038765,http://flybase.org/reports/FBgn0038765,CG4424
FTRG398,FBgn0086350,http://flybase.org/reports/FBgn0086350,tef
FTRG399,FBgn0024320,http://flybase.org/reports/FBgn0024320,Npc1a
FTRG4,FBgn0011763,http://flybase.org/reports/FBgn0011763,Dp
FTRG40,FBgn0005558,http://flybase.org/reports/FBgn0005558,ey
FTRG400,FBgn0034240,http://flybase.org/reports/FBgn0034240,MESR4
FTRG401,FBgn0040318,http://flybase.org/reports/FBgn0040318,HGTX
FTRG403,FBgn0038390,http://flybase.org/reports/FBgn0038390,Rbf2
FTRG405,FBgn0261108,http://flybase.org/reports/FBgn0261108,Atg13
FTRG406,FBgn0002569,http://flybase.org/reports/FBgn0002569,Mal-A2
FTRG407,FBgn0032401,http://flybase.org/reports/FBgn0032401,Plzf
FTRG408,FBgn0028996,http://flybase.org/reports/FBgn0028996,onecut
FTRG409,FBgn0035036,http://flybase.org/reports/FBgn0035036,CG4707
FTRG414,FBgn0037584,http://flybase.org/reports/FBgn0037584,CG7963
FTRG416,FBgn0013799,http://flybase.org/reports/FBgn0013799,Deaf1
FTRG42,FBgn0033183,http://flybase.org/reports/FBgn0033183,CG1620
FTRG420,FBgn0028979,http://flybase.org/reports/FBgn0028979,tio
FTRG423,FBgn0032763,http://flybase.org/reports/FBgn0032763,CG17568
FTRG424,FBgn0038166,http://flybase.org/reports/FBgn0038166,CG9588
FTRG425,FBgn0039169,http://flybase.org/reports/FBgn0039169,Spps
FTRG428,FBgn0086367,http://flybase.org/reports/FBgn0086367,t
FTRG430,FBgn0265137,http://flybase.org/reports/FBgn0265137,Spn42Da
FTRG431,FBgn0023395,http://flybase.org/reports/FBgn0023395,Chd3
FTRG434,FBgn0032287,http://flybase.org/reports/FBgn0032287,CG6415
FTRG435,FBgn0028999,http://flybase.org/reports/FBgn0028999,nerfin-1
FTRG436,FBgn0261020,http://flybase.org/reports/FBgn0261020,wol
FTRG437,FBgn0041250,http://flybase.org/reports/FBgn0041250,Gr21a
FTRG441,FBgn0004569,http://flybase.org/reports/FBgn0004569,aos
FTRG442,FBgn0004666,http://flybase.org/reports/FBgn0004666,sim
FTRG443,FBgn0010575,http://flybase.org/reports/FBgn0010575,
FTRG444,FBgn0011300,http://flybase.org/reports/FBgn0011300,babo
FTRG445,FBgn0043903,http://flybase.org/reports/FBgn0043903,dome
FTRG446,FBgn0038445,http://flybase.org/reports/FBgn0038445,CG14891
FTRG448,FBgn0020386,http://flybase.org/reports/FBgn0020386,Pdk1
FTRG449,FBgn0029167,http://flybase.org/reports/FBgn0029167,Hml
FTRG45,FBgn0005613,http://flybase.org/reports/FBgn0005613,Sox15
FTRG451,FBgn0086895,http://flybase.org/reports/FBgn0086895,pea
FTRG453,FBgn0028342,http://flybase.org/reports/FBgn0028342,ATPsyndelta
FTRG455,FBgn0027359,http://flybase.org/reports/FBgn0027359,Tim8
FTRG456,FBgn0024248,http://flybase.org/reports/FBgn0024248,chico
FTRG458,FBgn0035872,http://flybase.org/reports/FBgn0035872,CG7185
FTRG460,FBgn0031824,http://flybase.org/reports/FBgn0031824,CG9547
FTRG461,FBgn0030631,http://flybase.org/reports/FBgn0030631,CG6227
FTRG462,FBgn0037841,http://flybase.org/reports/FBgn0037841,CG4565
FTRG463,FBgn0052667,http://flybase.org/reports/FBgn0052667,ssp7
FTRG464,FBgn0037757,http://flybase.org/reports/FBgn0037757,CG8516
FTRG466,FBgn0033449,http://flybase.org/reports/FBgn0033449,CG1663
FTRG467,FBgn0000709,http://flybase.org/reports/FBgn0000709,fliI
FTRG469,FBgn0027548,http://flybase.org/reports/FBgn0027548,nito
FTRG47,FBgn0002985,http://flybase.org/reports/FBgn0002985,odd
FTRG471,FBgn0038294,http://flybase.org/reports/FBgn0038294,Mf
FTRG475,FBgn0003149,http://flybase.org/reports/FBgn0003149,Prm
FTRG478,FBgn0266084,http://flybase.org/reports/FBgn0266084,Fhos
FTRG479,FBgn0259162,http://flybase.org/reports/FBgn0259162,RunxB
FTRG48,FBgn0001077,http://flybase.org/reports/FBgn0001077,ftz
FTRG480,FBgn0011591,http://flybase.org/reports/FBgn0011591,fng
FTRG481,FBgn0002789,http://flybase.org/reports/FBgn0002789,Mp20
FTRG482,FBgn0010389,http://flybase.org/reports/FBgn0010389,htl
FTRG483,FBgn0028427,http://flybase.org/reports/FBgn0028427,Ilk
FTRG484,FBgn0033027,http://flybase.org/reports/FBgn0033027,TpnC4
FTRG485,FBgn0021767,http://flybase.org/reports/FBgn0021767,org-1
FTRG486,FBgn0043884,http://flybase.org/reports/FBgn0043884,mask
FTRG487,FBgn0052227,http://flybase.org/reports/FBgn0052227,gogo
FTRG488,FBgn0004635,http://flybase.org/reports/FBgn0004635,rho
FTRG489,FBgn0000591,http://flybase.org/reports/FBgn0000591,E(spl)m8-HLH
FTRG490,FBgn0261963,http://flybase.org/reports/FBgn0261963,mid
FTRG491,FBgn0037844,http://flybase.org/reports/FBgn0037844,CG4570
FTRG492,FBgn0000320,http://flybase.org/reports/FBgn0000320,eya
FTRG493,FBgn0261705,http://flybase.org/reports/FBgn0261705,CG42741
FTRG494,FBgn0260487,http://flybase.org/reports/FBgn0260487,CG42534
FTRG495,FBgn0002306,http://flybase.org/reports/FBgn0002306,sas
FTRG496,FBgn0004054,http://flybase.org/reports/FBgn0004054,zen2
FTRG497,FBgn0028573,http://flybase.org/reports/FBgn0028573,prc
FTRG50,FBgn0002561,http://flybase.org/reports/FBgn0002561,l(1)sc
FTRG500,FBgn0264695,http://flybase.org/reports/FBgn0264695,Mhc
FTRG501,FBgn0038294,http://flybase.org/reports/FBgn0038294,Mf
FTRG502,FBgn0001624,http://flybase.org/reports/FBgn0001624,dlg1
FTRG503,FBgn0032620,http://flybase.org/reports/FBgn0032620,CG12288
FTRG505,FBgn0266708,http://flybase.org/reports/FBgn0266708,Cep89
FTRG506,FBgn0024913,http://flybase.org/reports/FBgn0024913,Actbeta
FTRG507,FBgn0262599,http://flybase.org/reports/FBgn0262599,SmydA-3
FTRG508,FBgn0035213,http://flybase.org/reports/FBgn0035213,CG2199
FTRG509,FBgn0260972,http://flybase.org/reports/FBgn0260972,alc
FTRG51,FBgn0003339,http://flybase.org/reports/FBgn0003339,Scr
FTRG510,FBgn0035518,http://flybase.org/reports/FBgn0035518,CG15011
FTRG511,FBgn0015946,http://flybase.org/reports/FBgn0015946,grim
FTRG512,FBgn0021872,http://flybase.org/reports/FBgn0021872,Xbp1
FTRG513,FBgn0001147,http://flybase.org/reports/FBgn0001147,gsb-n
FTRG514,FBgn0029891,http://flybase.org/reports/FBgn0029891,Pink1
FTRG515,FBgn0261649,http://flybase.org/reports/FBgn0261649,tinc
FTRG516,FBgn0000250,http://flybase.org/reports/FBgn0000250,cact
FTRG518,FBgn0002922,http://flybase.org/reports/FBgn0002922,nau
FTRG519,FBgn0264695,http://flybase.org/reports/FBgn0264695,Mhc
FTRG521,FBgn0000625,http://flybase.org/reports/FBgn0000625,eyg
FTRG524,FBgn0038233,http://flybase.org/reports/FBgn0038233,HtrA2
FTRG526,FBgn0022355,http://flybase.org/reports/FBgn0022355,Tsf1
FTRG527,FBgn0087007,http://flybase.org/reports/FBgn0087007,bbg
FTRG529,FBgn0001186,http://flybase.org/reports/FBgn0001186,Hex-A
FTRG53,FBgn0037513,http://flybase.org/reports/FBgn0037513,pyd3
FTRG531,FBgn0264272,http://flybase.org/reports/FBgn0264272,mwh
FTRG533,FBgn0013755,http://flybase.org/reports/FBgn0013755,Bro
FTRG536,FBgn0259234,http://flybase.org/reports/FBgn0259234,Camta
FTRG538,FBgn0050443,http://flybase.org/reports/FBgn0050443,Opbp
FTRG539,FBgn0003459,http://flybase.org/reports/FBgn0003459,stwl
FTRG54,FBgn0034821,http://flybase.org/reports/FBgn0034821,CG9876
FTRG541,FBgn0039019,http://flybase.org/reports/FBgn0039019,HP1c
FTRG542,FBgn0025776,http://flybase.org/reports/FBgn0025776,ind
FTRG543,FBgn0031266,http://flybase.org/reports/FBgn0031266,Sf3b1
FTRG544,FBgn0034534,http://flybase.org/reports/FBgn0034534,maf-S
FTRG548,FBgn0037317,http://flybase.org/reports/FBgn0037317,CG14667
FTRG549,FBgn0035407,http://flybase.org/reports/FBgn0035407,Asciz
FTRG550,FBgn0000541,http://flybase.org/reports/FBgn0000541,E(bx)
FTRG551,FBgn0038787,http://flybase.org/reports/FBgn0038787,CG4360
FTRG552,FBgn0267033,http://flybase.org/reports/FBgn0267033,mamo
FTRG553,FBgn0039038,http://flybase.org/reports/FBgn0039038,CG6688
FTRG554,FBgn0030240,http://flybase.org/reports/FBgn0030240,CG2202
FTRG555,FBgn0030010,http://flybase.org/reports/FBgn0030010,CG10959
FTRG556,FBgn0033554,http://flybase.org/reports/FBgn0033554,Lsm10
FTRG557,FBgn0031534,http://flybase.org/reports/FBgn0031534,Snx1
FTRG558,FBgn0043364,http://flybase.org/reports/FBgn0043364,cbt
FTRG561,FBgn0033744,http://flybase.org/reports/FBgn0033744,Dh44-R2
FTRG562,FBgn0034182,http://flybase.org/reports/FBgn0034182,SmydA-7
FTRG563,FBgn0051802,http://flybase.org/reports/FBgn0051802,CG31802
FTRG564,FBgn0032517,http://flybase.org/reports/FBgn0032517,CG7099
FTRG565,FBgn0005648,http://flybase.org/reports/FBgn0005648,Pabp2
FTRG566,FBgn0029840,http://flybase.org/reports/FBgn0029840,raptor
FTRG567,FBgn0005631,http://flybase.org/reports/FBgn0005631,robo1
FTRG568,FBgn0010341,http://flybase.org/reports/FBgn0010341,Cdc42
FTRG569,FBgn0086906,http://flybase.org/reports/FBgn0086906,sls
FTRG57,FBgn0034708,http://flybase.org/reports/FBgn0034708,Vps35
FTRG570,FBgn0026086,http://flybase.org/reports/FBgn0026086,Adar
FTRG571,FBgn0027342,http://flybase.org/reports/FBgn0027342,fz4
FTRG572,FBgn0259745,http://flybase.org/reports/FBgn0259745,wech
FTRG573,FBgn0260944,http://flybase.org/reports/FBgn0260944,Rbp1
FTRG574,FBgn0002526,http://flybase.org/reports/FBgn0002526,LanA
FTRG576,FBgn0011655,http://flybase.org/reports/FBgn0011655,Med
FTRG577,FBgn0283442,http://flybase.org/reports/FBgn0283442,vas
FTRG578,FBgn0004864,http://flybase.org/reports/FBgn0004864,hop
FTRG579,FBgn0015754,http://flybase.org/reports/FBgn0015754,Lis-1
FTRG58,FBgn0001148,http://flybase.org/reports/FBgn0001148,gsb
FTRG581,FBgn0000146,http://flybase.org/reports/FBgn0000146,aub
FTRG582,FBgn0001330,http://flybase.org/reports/FBgn0001330,kz
FTRG583,FBgn0032006,http://flybase.org/reports/FBgn0032006,Pvr
FTRG584,FBgn0261565,http://flybase.org/reports/FBgn0261565,Lmpt
FTRG585,FBgn0263391,http://flybase.org/reports/FBgn0263391,hts
FTRG587,FBgn0260442,http://flybase.org/reports/FBgn0260442,rhea
FTRG588,FBgn0031574,http://flybase.org/reports/FBgn0031574,CG3964
FTRG59,FBgn0026317,http://flybase.org/reports/FBgn0026317,Tsc1
FTRG591,FBgn0023172,http://flybase.org/reports/FBgn0023172,RhoGEF2
FTRG593,FBgn0027343,http://flybase.org/reports/FBgn0027343,fz3
FTRG595,FBgn0016075,http://flybase.org/reports/FBgn0016075,vkg
FTRG596,FBgn0022764,http://flybase.org/reports/FBgn0022764,Sin3A
FTRG597,FBgn0036376,http://flybase.org/reports/FBgn0036376,Liprin-beta
FTRG598,FBgn0040324,http://flybase.org/reports/FBgn0040324,Ephrin
FTRG599,FBgn0003444,http://flybase.org/reports/FBgn0003444,smo
FTRG6,FBgn0263933,http://flybase.org/reports/FBgn0263933,ebi
FTRG60,FBgn0024728,http://flybase.org/reports/FBgn0024728,Slip1
FTRG600,FBgn0003514,http://flybase.org/reports/FBgn0003514,sqh
FTRG601,FBgn0033402,http://flybase.org/reports/FBgn0033402,Myd88
FTRG602,FBgn0031842,http://flybase.org/reports/FBgn0031842,Tango1
FTRG603,FBgn0035473,http://flybase.org/reports/FBgn0035473,mge
FTRG604,FBgn0039349,http://flybase.org/reports/FBgn0039349,Ssadh
FTRG606,FBgn0004242,http://flybase.org/reports/FBgn0004242,Syt1
FTRG608,FBgn0034068,http://flybase.org/reports/FBgn0034068,casp
FTRG611,FBgn0027538,http://flybase.org/reports/FBgn0027538,beta4GalNAcTA
FTRG613,FBgn0031275,http://flybase.org/reports/FBgn0031275,GABA-B-R3
FTRG615,FBgn0033483,http://flybase.org/reports/FBgn0033483,egr
FTRG616,FBgn0029664,http://flybase.org/reports/FBgn0029664,CG10802
FTRG617,FBgn0028473,http://flybase.org/reports/FBgn0028473,Non1
FTRG620,FBgn0028394,http://flybase.org/reports/FBgn0028394,CG17834
FTRG621,FBgn0021800,http://flybase.org/reports/FBgn0021800,Reph
FTRG623,FBgn0004957,http://flybase.org/reports/FBgn0004957,por
FTRG624,FBgn0027334,http://flybase.org/reports/FBgn0027334,l(1)G0004
FTRG625,FBgn0265192,http://flybase.org/reports/FBgn0265192,Snp
FTRG628,FBgn0030664,http://flybase.org/reports/FBgn0030664,CG8119
FTRG629,FBgn0022893,http://flybase.org/reports/FBgn0022893,Df31
FTRG63,FBgn0263846,http://flybase.org/reports/FBgn0263846,CG43707
FTRG630,FBgn0021875,http://flybase.org/reports/FBgn0021875,Zfrp8
FTRG633,FBgn0029880,http://flybase.org/reports/FBgn0029880,CG14443
FTRG634,FBgn0033717,http://flybase.org/reports/FBgn0033717,CG8839
FTRG635,FBgn0021967,http://flybase.org/reports/FBgn0021967,ND-PDSW
FTRG638,FBgn0026403,http://flybase.org/reports/FBgn0026403,Ndg
FTRG64,FBgn0032157,http://flybase.org/reports/FBgn0032157,Etl1
FTRG640,FBgn0028327,http://flybase.org/reports/FBgn0028327,l(1)G0320
FTRG641,FBgn0030578,http://flybase.org/reports/FBgn0030578,CG5347
FTRG643,FBgn0030850,http://flybase.org/reports/FBgn0030850,stas
FTRG644,FBgn0004363,http://flybase.org/reports/FBgn0004363,porin
FTRG645,FBgn0032343,http://flybase.org/reports/FBgn0032343,CG6201
FTRG651,FBgn0022153,http://flybase.org/reports/FBgn0022153,l(2)k05819
FTRG654,FBgn0031255,http://flybase.org/reports/FBgn0031255,BBS8
FTRG655,FBgn0267967,http://flybase.org/reports/FBgn0267967,corolla
FTRG656,FBgn0013720,http://flybase.org/reports/FBgn0013720,pck
FTRG657,FBgn0051935,http://flybase.org/reports/FBgn0051935,CG31935
FTRG669,FBgn0030558,http://flybase.org/reports/FBgn0030558,CG1461
FTRG67,FBgn0041105,http://flybase.org/reports/FBgn0041105,nerfin-2
FTRG670,FBgn0027868,http://flybase.org/reports/FBgn0027868,Nup107
FTRG671,FBgn0036395,http://flybase.org/reports/FBgn0036395,CG17361
FTRG672,FBgn0069913,http://flybase.org/reports/FBgn0069913,CG4681
FTRG673,FBgn0030941,http://flybase.org/reports/FBgn0030941,wgn
FTRG674,FBgn0003310,http://flybase.org/reports/FBgn0003310,S
FTRG675,FBgn0000543,http://flybase.org/reports/FBgn0000543,ecd
FTRG678,FBgn0014863,http://flybase.org/reports/FBgn0014863,Mlp84B
FTRG679,FBgn0086442,http://flybase.org/reports/FBgn0086442,mib2
FTRG680,FBgn0052311,http://flybase.org/reports/FBgn0052311,zormin
FTRG681,FBgn0261800,http://flybase.org/reports/FBgn0261800,LanB1
FTRG682,FBgn0034300,http://flybase.org/reports/FBgn0034300,CG5098
FTRG684,FBgn0030343,http://flybase.org/reports/FBgn0030343,ATP7
FTRG685,FBgn0052412,http://flybase.org/reports/FBgn0052412,QC
FTRG686,FBgn0000140,http://flybase.org/reports/FBgn0000140,asp
FTRG687,FBgn0033654,http://flybase.org/reports/FBgn0033654,Sobp
FTRG688,FBgn0004237,http://flybase.org/reports/FBgn0004237,Hrb87F
FTRG689,FBgn0035876,http://flybase.org/reports/FBgn0035876,Pex2
FTRG69,FBgn0030933,http://flybase.org/reports/FBgn0030933,CG6470
FTRG691,FBgn0033769,http://flybase.org/reports/FBgn0033769,CG8768
FTRG692,FBgn0033564,http://flybase.org/reports/FBgn0033564,Pex6
FTRG693,FBgn0259243,http://flybase.org/reports/FBgn0259243,Pka-R1
FTRG694,FBgn0023549,http://flybase.org/reports/FBgn0023549,Mct1
FTRG697,FBgn0086130,http://flybase.org/reports/FBgn0086130,Dbp21E2
FTRG698,FBgn0010395,http://flybase.org/reports/FBgn0010395,Itgbn
FTRG699,FBgn0050404,http://flybase.org/reports/FBgn0050404,Tango11
FTRG700,FBgn0002962,http://flybase.org/reports/FBgn0002962,nos
FTRG701,FBgn0038429,http://flybase.org/reports/FBgn0038429,CG14882
FTRG703,FBgn0261565,http://flybase.org/reports/FBgn0261565,Lmpt
FTRG704,FBgn0015331,http://flybase.org/reports/FBgn0015331,abs
FTRG705,FBgn0024273,http://flybase.org/reports/FBgn0024273,WASp
FTRG706,FBgn0039907,http://flybase.org/reports/FBgn0039907,lgs
FTRG707,FBgn0035612,http://flybase.org/reports/FBgn0035612,frm
FTRG709,FBgn0259209,http://flybase.org/reports/FBgn0259209,Mlp60A
FTRG71,FBgn0003448,http://flybase.org/reports/FBgn0003448,sna
FTRG713,FBgn0021796,http://flybase.org/reports/FBgn0021796,Tor
FTRG714,FBgn0001965,http://flybase.org/reports/FBgn0001965,Sos
FTRG715,FBgn0085409,http://flybase.org/reports/FBgn0085409,smal
FTRG716,FBgn0010583,http://flybase.org/reports/FBgn0010583,dock
FTRG717,FBgn0032445,http://flybase.org/reports/FBgn0032445,CG6153
FTRG718,FBgn0036641,http://flybase.org/reports/FBgn0036641,Smn
FTRG719,FBgn0037098,http://flybase.org/reports/FBgn0037098,Wnk
FTRG720,FBgn0031006,http://flybase.org/reports/FBgn0031006,rictor
FTRG721,FBgn0030365,http://flybase.org/reports/FBgn0030365,Tango4
FTRG722,FBgn0016070,http://flybase.org/reports/FBgn0016070,smg
FTRG723,FBgn0037531,http://flybase.org/reports/FBgn0037531,CG10445
FTRG724,FBgn0027505,http://flybase.org/reports/FBgn0027505,Rab3-GAP
FTRG725,FBgn0001296,http://flybase.org/reports/FBgn0001296,kar
FTRG726,FBgn0260743,http://flybase.org/reports/FBgn0260743,GC1
FTRG727,FBgn0028554,http://flybase.org/reports/FBgn0028554,x16
FTRG728,FBgn0038774,http://flybase.org/reports/FBgn0038774,CG5023
FTRG729,FBgn0034491,http://flybase.org/reports/FBgn0034491,Hsl
FTRG73,FBgn0002631,http://flybase.org/reports/FBgn0002631,E(spl)m5-HLH
FTRG731,FBgn0260442,http://flybase.org/reports/FBgn0260442,rhea
FTRG732,FBgn0002899,http://flybase.org/reports/FBgn0002899,mus301
FTRG733,FBgn0030719,http://flybase.org/reports/FBgn0030719,eIF5
FTRG734,FBgn0005355,http://flybase.org/reports/FBgn0005355,Su(fu)
FTRG735,FBgn0263108,http://flybase.org/reports/FBgn0263108,BtbVII
FTRG736,FBgn0039797,http://flybase.org/reports/FBgn0039797,eIF4H2
FTRG737,FBgn0283477,http://flybase.org/reports/FBgn0283477,SF2
FTRG738,FBgn0034913,http://flybase.org/reports/FBgn0034913,Snap29
FTRG739,FBgn0035761,http://flybase.org/reports/FBgn0035761,RhoGEF4
FTRG74,FBgn0035471,http://flybase.org/reports/FBgn0035471,Sc2
FTRG741,FBgn0033580,http://flybase.org/reports/FBgn0033580,CG13231
FTRG742,FBgn0284256,http://flybase.org/reports/FBgn0284256,bsf
FTRG745,FBgn0031451,http://flybase.org/reports/FBgn0031451,CG9961
FTRG747,FBgn0017457,http://flybase.org/reports/FBgn0017457,U2af38
FTRG749,FBgn0267326,http://flybase.org/reports/FBgn0267326,Ntl
FTRG754,FBgn0024285,http://flybase.org/reports/FBgn0024285,Srp54
FTRG755,FBgn0040395,http://flybase.org/reports/FBgn0040395,Unc-76
FTRG757,FBgn0035468,http://flybase.org/reports/FBgn0035468,Gr63a
FTRG759,FBgn0037324,http://flybase.org/reports/FBgn0037324,Orco
FTRG76,FBgn0037443,http://flybase.org/reports/FBgn0037443,Dmtn
FTRG761,FBgn0264785,http://flybase.org/reports/FBgn0264785,Hph
FTRG763,FBgn0039120,http://flybase.org/reports/FBgn0039120,Nup98-96
FTRG765,FBgn0027575,http://flybase.org/reports/FBgn0027575,GABA-B-R2
FTRG769,FBgn0000303,http://flybase.org/reports/FBgn0000303,ChAT
FTRG78,FBgn0000047,http://flybase.org/reports/FBgn0000047,Act88F
FTRG781,FBgn0039595,http://flybase.org/reports/FBgn0039595,AstA-R2
FTRG783,FBgn0026876,http://flybase.org/reports/FBgn0026876,CG11403
FTRG785,FBgn0037092,http://flybase.org/reports/FBgn0037092,M6
FTRG787,FBgn0027338,http://flybase.org/reports/FBgn0027338,Kap-alpha3
FTRG789,FBgn0035600,http://flybase.org/reports/FBgn0035600,Cyt-c1
FTRG791,FBgn0036496,http://flybase.org/reports/FBgn0036496,CG7804
FTRG793,FBgn0039730,http://flybase.org/reports/FBgn0039730,CG7903
FTRG795,FBgn0003889,http://flybase.org/reports/FBgn0003889,betaTub85D
FTRG798,FBgn0001134,http://flybase.org/reports/FBgn0001134,Grd
FTRG8,FBgn0261722,http://flybase.org/reports/FBgn0261722,fwe
FTRG800,FBgn0038100,http://flybase.org/reports/FBgn0038100,Paip2
FTRG804,FBgn0036927,http://flybase.org/reports/FBgn0036927,Gabat
FTRG806,FBgn0026598,http://flybase.org/reports/FBgn0026598,Apc2
FTRG808,FBgn0039581,http://flybase.org/reports/FBgn0039581,Moca-cyp
FTRG810,FBgn0010399,http://flybase.org/reports/FBgn0010399,Nmdar1
FTRG812,FBgn0036173,http://flybase.org/reports/FBgn0036173,CG7394
FTRG814,FBgn0003483,http://flybase.org/reports/FBgn0003483,spn-E
FTRG816,FBgn0038980,http://flybase.org/reports/FBgn0038980,Octbeta1R
FTRG82,FBgn0003892,http://flybase.org/reports/FBgn0003892,ptc
FTRG820,FBgn0036319,http://flybase.org/reports/FBgn0036319,Ent3
FTRG822,FBgn0036826,http://flybase.org/reports/FBgn0036826,arx
FTRG823,FBgn0027889,http://flybase.org/reports/FBgn0027889,ball
FTRG825,FBgn0035589,http://flybase.org/reports/FBgn0035589,CHMP2B
FTRG827,FBgn0001324,http://flybase.org/reports/FBgn0001324,kto
FTRG829,FBgn0039877,http://flybase.org/reports/FBgn0039877,CG2118
FTRG831,FBgn0037897,http://flybase.org/reports/FBgn0037897,CG5270
FTRG833,FBgn0035147,http://flybase.org/reports/FBgn0035147,Gale
FTRG836,FBgn0035741,http://flybase.org/reports/FBgn0035741,BBS1
FTRG838,FBgn0001225,http://flybase.org/reports/FBgn0001225,Hsp26
FTRG84,FBgn0039044,http://flybase.org/reports/FBgn0039044,p53
FTRG840,FBgn0262801,http://flybase.org/reports/FBgn0262801,twr
FTRG844,FBgn0029157,http://flybase.org/reports/FBgn0029157,ssh
FTRG845,FBgn0035767,http://flybase.org/reports/FBgn0035767,Cln7
FTRG846,FBgn0010774,http://flybase.org/reports/FBgn0010774,Ref1
FTRG848,FBgn0003884,http://flybase.org/reports/FBgn0003884,alphaTub84B
FTRG849,FBgn0038662,http://flybase.org/reports/FBgn0038662,Mpc1
FTRG85,FBgn0000492,http://flybase.org/reports/FBgn0000492,Dr
FTRG851,FBgn0066101,http://flybase.org/reports/FBgn0066101,LpR1
FTRG853,FBgn0036165,http://flybase.org/reports/FBgn0036165,chrb
FTRG855,FBgn0039280,http://flybase.org/reports/FBgn0039280,Mocs2
FTRG857,FBgn0027512,http://flybase.org/reports/FBgn0027512,CG10254
FTRG859,FBgn0015278,http://flybase.org/reports/FBgn0015278,Pi3K68D
FTRG861,FBgn0033075,http://flybase.org/reports/FBgn0033075,Pld
FTRG863,FBgn0035348,http://flybase.org/reports/FBgn0035348,CG16758
FTRG864,FBgn0037602,http://flybase.org/reports/FBgn0037602,SLIRP2
FTRG865,FBgn0004397,http://flybase.org/reports/FBgn0004397,Vinc
FTRG866,FBgn0052344,http://flybase.org/reports/FBgn0052344,CG32344
FTRG867,FBgn0085234,http://flybase.org/reports/FBgn0085234,CG34205
FTRG868,FBgn0032387,http://flybase.org/reports/FBgn0032387,CG16965
FTRG869,FBgn0032681,http://flybase.org/reports/FBgn0032681,CG10283
FTRG87,FBgn0035625,http://flybase.org/reports/FBgn0035625,Blimp-1
FTRG870,FBgn0003687,http://flybase.org/reports/FBgn0003687,Tbp
FTRG871,FBgn0011785,http://flybase.org/reports/FBgn0011785,BRWD3
FTRG872,FBgn0036333,http://flybase.org/reports/FBgn0036333,MICAL-like
FTRG873,FBgn0036211,http://flybase.org/reports/FBgn0036211,CG5946
FTRG874,FBgn0041723,http://flybase.org/reports/FBgn0041723,rho-5
FTRG875,FBgn0034970,http://flybase.org/reports/FBgn0034970,yki
FTRG876,FBgn0005633,http://flybase.org/reports/FBgn0005633,fln
FTRG877,FBgn0004878,http://flybase.org/reports/FBgn0004878,cas
FTRG878,FBgn0032883,http://flybase.org/reports/FBgn0032883,Rhau
FTRG879,FBgn0038208,http://flybase.org/reports/FBgn0038208,CG14355
FTRG88,FBgn0025360,http://flybase.org/reports/FBgn0025360,Optix
FTRG883,FBgn0031490,http://flybase.org/reports/FBgn0031490,CG17264
FTRG884,FBgn0001075,http://flybase.org/reports/FBgn0001075,ft
FTRG885,FBgn0010329,http://flybase.org/reports/FBgn0010329,Tbh
FTRG886,FBgn0026428,http://flybase.org/reports/FBgn0026428,HDAC6
FTRG887,FBgn0028703,http://flybase.org/reports/FBgn0028703,Nhe3
FTRG888,FBgn0259937,http://flybase.org/reports/FBgn0259937,Nop60B
FTRG889,FBgn0024250,http://flybase.org/reports/FBgn0024250,brk
FTRG890,FBgn0026313,http://flybase.org/reports/FBgn0026313,X11L
FTRG891,FBgn0039914,http://flybase.org/reports/FBgn0039914,mav
FTRG892,FBgn0263916,http://flybase.org/reports/FBgn0263916,Ent2
FTRG893,FBgn0036298,http://flybase.org/reports/FBgn0036298,nst
FTRG894,FBgn0051151,http://flybase.org/reports/FBgn0051151,wge
FTRG895,FBgn0024238,http://flybase.org/reports/FBgn0024238,Fim
FTRG896,FBgn0039258,http://flybase.org/reports/FBgn0039258,beta4GalT7
FTRG897,FBgn0040717,http://flybase.org/reports/FBgn0040717,Nplp4
FTRG9,FBgn0037992,http://flybase.org/reports/FBgn0037992,CG4702
FTRG900,FBgn0087002,http://flybase.org/reports/FBgn0087002,apolpp
FTRG901,FBgn0033317,http://flybase.org/reports/FBgn0033317,CG8635
FTRG902,FBgn0003292,http://flybase.org/reports/FBgn0003292,rt
FTRG903,FBgn0033578,http://flybase.org/reports/FBgn0033578,BBS4
FTRG904,FBgn0038597,http://flybase.org/reports/FBgn0038597,CG8064
FTRG905,FBgn0036134,http://flybase.org/reports/FBgn0036134,FoxK
FTRG906,FBgn0034013,http://flybase.org/reports/FBgn0034013,unc-5
FTRG908,FBgn0029928,http://flybase.org/reports/FBgn0029928,CG3032
FTRG909,FBgn0040813,http://flybase.org/reports/FBgn0040813,Nplp2
FTRG91,FBgn0000658,http://flybase.org/reports/FBgn0000658,fj
FTRG910,FBgn0003169,http://flybase.org/reports/FBgn0003169,put
FTRG911,FBgn0039209,http://flybase.org/reports/FBgn0039209,REPTOR
FTRG912,FBgn0022787,http://flybase.org/reports/FBgn0022787,Hel89B
FTRG913,FBgn0010278,http://flybase.org/reports/FBgn0010278,Ssrp
FTRG914,FBgn0040268,http://flybase.org/reports/FBgn0040268,Top3alpha
FTRG915,FBgn0014380,http://flybase.org/reports/FBgn0014380,RhoL
FTRG916,FBgn0038704,http://flybase.org/reports/FBgn0038704,CG5316
FTRG917,FBgn0039560,http://flybase.org/reports/FBgn0039560,BOD1
FTRG919,FBgn0032350,http://flybase.org/reports/FBgn0032350,CG6287
FTRG92,FBgn0052121,http://flybase.org/reports/FBgn0052121,CG32121
FTRG920,FBgn0031148,http://flybase.org/reports/FBgn0031148,Cbs
FTRG921,FBgn0001986,http://flybase.org/reports/FBgn0001986,Mtr4
FTRG922,FBgn0260964,http://flybase.org/reports/FBgn0260964,Vmat
FTRG923,FBgn0003205,http://flybase.org/reports/FBgn0003205,Ras85D
FTRG924,FBgn0264492,http://flybase.org/reports/FBgn0264492,CkIIalpha
FTRG925,FBgn0283471,http://flybase.org/reports/FBgn0283471,wupA
FTRG926,FBgn0022987,http://flybase.org/reports/FBgn0022987,qkr54B
FTRG927,FBgn0035149,http://flybase.org/reports/FBgn0035149,MED30
FTRG928,FBgn0002783,http://flybase.org/reports/FBgn0002783,mor
FTRG929,FBgn0028974,http://flybase.org/reports/FBgn0028974,xmas-2
FTRG930,FBgn0004838,http://flybase.org/reports/FBgn0004838,Hrb27C
FTRG931,FBgn0031090,http://flybase.org/reports/FBgn0031090,Rab35
FTRG932,FBgn0004657,http://flybase.org/reports/FBgn0004657,mys
FTRG934,FBgn0003557,http://flybase.org/reports/FBgn0003557,Su(dx)
FTRG935,FBgn0027885,http://flybase.org/reports/FBgn0027885,Aac11
FTRG936,FBgn0032690,http://flybase.org/reports/FBgn0032690,CG10333
FTRG937,FBgn0015777,http://flybase.org/reports/FBgn0015777,nrv2
FTRG938,FBgn0040259,http://flybase.org/reports/FBgn0040259,Ugt86Da
FTRG939,FBgn0020660,http://flybase.org/reports/FBgn0020660,eIF4B
FTRG94,FBgn0010433,http://flybase.org/reports/FBgn0010433,ato
FTRG940,FBgn0037146,http://flybase.org/reports/FBgn0037146,CG7470
FTRG941,FBgn0028471,http://flybase.org/reports/FBgn0028471,Nab2
FTRG942,FBgn0035016,http://flybase.org/reports/FBgn0035016,CG4612
FTRG943,FBgn0029155,http://flybase.org/reports/FBgn0029155,Men-b
FTRG944,FBgn0002570,http://flybase.org/reports/FBgn0002570,Mal-A1
FTRG945,FBgn0035689,http://flybase.org/reports/FBgn0035689,CG7376
FTRG946,FBgn0283437,http://flybase.org/reports/FBgn0283437,PPO1
FTRG947,FBgn0036018,http://flybase.org/reports/FBgn0036018,CG3335
FTRG948,FBgn0262516,http://flybase.org/reports/FBgn0262516,Trpml
FTRG949,FBgn0260456,http://flybase.org/reports/FBgn0260456,CG4806
FTRG951,FBgn0005592,http://flybase.org/reports/FBgn0005592,
FTRG952,FBgn0259216,http://flybase.org/reports/FBgn0259216,RhoGAP102A
FTRG953,FBgn0031213,http://flybase.org/reports/FBgn0031213,galectin
FTRG954,FBgn0039925,http://flybase.org/reports/FBgn0039925,Kif3C
FTRG955,FBgn0264607,http://flybase.org/reports/FBgn0264607,CaMKII
FTRG956,FBgn0011705,http://flybase.org/reports/FBgn0011705,rost
FTRG957,FBgn0266670,http://flybase.org/reports/FBgn0266670,Sec5
FTRG958,FBgn0003888,http://flybase.org/reports/FBgn0003888,betaTub60D
FTRG959,FBgn0011274,http://flybase.org/reports/FBgn0011274,Dif
FTRG96,FBgn0046113,http://flybase.org/reports/FBgn0046113,GluRIIC
FTRG960,FBgn0001137,http://flybase.org/reports/FBgn0001137,grk
FTRG961,FBgn0032705,http://flybase.org/reports/FBgn0032705,Grip71
FTRG962,FBgn0031312,http://flybase.org/reports/FBgn0031312,Tango14
FTRG963,FBgn0032728,http://flybase.org/reports/FBgn0032728,Tango6
FTRG964,FBgn0015393,http://flybase.org/reports/FBgn0015393,hoip
FTRG965,FBgn0010235,http://flybase.org/reports/FBgn0010235,Klc
FTRG966,FBgn0032725,http://flybase.org/reports/FBgn0032725,Nedd8
FTRG967,FBgn0032421,http://flybase.org/reports/FBgn0032421,crok
FTRG969,FBgn0036106,http://flybase.org/reports/FBgn0036106,CG6409
FTRG97,FBgn0001323,http://flybase.org/reports/FBgn0001323,knrl
FTRG971,FBgn0030603,http://flybase.org/reports/FBgn0030603,CG5541
FTRG973,FBgn0086613,http://flybase.org/reports/FBgn0086613,Ino80
FTRG975,FBgn0035754,http://flybase.org/reports/FBgn0035754,MED4
FTRG977,FBgn0027945,http://flybase.org/reports/FBgn0027945,ppl
FTRG979,FBgn0038578,http://flybase.org/reports/FBgn0038578,MED17
FTRG981,FBgn0024542,http://flybase.org/reports/FBgn0024542,Neos
FTRG983,FBgn0025592,http://flybase.org/reports/FBgn0025592,Gk1
FTRG985,FBgn0283724,http://flybase.org/reports/FBgn0283724,Girdin
FTRG986,FBgn0036921,http://flybase.org/reports/FBgn0036921,RhoGDI
FTRG987,FBgn0037215,http://flybase.org/reports/FBgn0037215,beta-Man
FTRG988,FBgn0011336,http://flybase.org/reports/FBgn0011336,Stt3B
FTRG99,FBgn0038547,http://flybase.org/reports/FBgn0038547,CG17803
FTRG990,FBgn0028577,http://flybase.org/reports/FBgn0028577,hfp
FTRG992,FBgn0038552,http://flybase.org/reports/FBgn0038552,CG18012
FTRG994,FBgn0038889,http://flybase.org/reports/FBgn0038889,Fancm
FTRG996,FBgn0039738,http://flybase.org/reports/FBgn0039738,Mgat2
FTRG998,FBgn0038796,http://flybase.org/reports/FBgn0038796,eIF3g2
,FBgn0010339,http://flybase.org/reports/FBgn0010339,128up